,0,1,2,3,4,5,6,7,8,9,10,11,12,13,14,15,16,17,18,19,20,21,22,23,24,25,26,27,28,29
2020-01,BTCUSDT,ETHUSDT,BNBUSDT,MATICUSDT,XRPUSDT,TRXUSDT,EOSUSDT,LTCUSDT,VETUSDT,LINKUSDT,BTTUSDT,ETCUSDT,ATOMUSDT,XTZUSDT,WINUSDT,ADAUSDT,FETUSDT,IOSTUSDT,ZECUSDT,XMRUSDT,XLMUSDT,TOMOUSDT,ONTUSDT,WAVESUSDT,NEOUSDT,QTUMUSDT,DASHUSDT,ALGOUSDT,RVNUSDT,BATUSDT
2020-02,BTCUSDT,ETHUSDT,BCHUSDT,ETCUSDT,EOSUSDT,XRPUSDT,LTCUSDT,BNBUSDT,TRXUSDT,DASHUSDT,LINKUSDT,ADAUSDT,ZECUSDT,XLMUSDT,BTTUSDT,ATOMUSDT,MATICUSDT,VETUSDT,XMRUSDT,XTZUSDT,ONTUSDT,NEOUSDT,QTUMUSDT,IOSTUSDT,WINUSDT,IOTAUSDT,BATUSDT,FETUSDT,WAVESUSDT,ALGOUSDT
2020-03,BTCUSDT,ETHUSDT,BCHUSDT,XRPUSDT,BNBUSDT,EOSUSDT,LTCUSDT,ETCUSDT,LINKUSDT,TRXUSDT,ADAUSDT,XTZUSDT,XLMUSDT,DASHUSDT,ZECUSDT,ICXUSDT,NEOUSDT,VETUSDT,MATICUSDT,ONTUSDT,ATOMUSDT,QTUMUSDT,XMRUSDT,ALGOUSDT,IOSTUSDT,IOTAUSDT,HBARUSDT,BATUSDT,BTTUSDT,WAVESUSDT
2020-04,BTCUSDT,ETHUSDT,BCHUSDT,LINKUSDT,BNBUSDT,XRPUSDT,EOSUSDT,LTCUSDT,XTZUSDT,ETCUSDT,BEARUSDT,TRXUSDT,ADAUSDT,DASHUSDT,BULLUSDT,MATICUSDT,ZECUSDT,WRXUSDT,VETUSDT,NEOUSDT,XMRUSDT,XLMUSDT,QTUMUSDT,ATOMUSDT,ONTUSDT,HBARUSDT,IOSTUSDT,ALGOUSDT,ICXUSDT,BATUSDT
2020-05,BTCUSDT,ETHUSDT,BNBUSDT,LINKUSDT,BCHUSDT,XRPUSDT,EOSUSDT,LTCUSDT,XTZUSDT,ETCUSDT,DASHUSDT,ADAUSDT,TRXUSDT,XLMUSDT,ZECUSDT,VETUSDT,XMRUSDT,WRXUSDT,MATICUSDT,NEOUSDT,ATOMUSDT,ONTUSDT,ALGOUSDT,QTUMUSDT,BATUSDT,ICXUSDT,KAVAUSDT,BTTUSDT,IOSTUSDT,WAVESUSDT
2020-06,BTCUSDT,ETHUSDT,BNBUSDT,BCHUSDT,XRPUSDT,LINKUSDT,EOSUSDT,LTCUSDT,ADAUSDT,ETCUSDT,XTZUSDT,TRXUSDT,XLMUSDT,MATICUSDT,VETUSDT,NEOUSDT,ONTUSDT,ZECUSDT,THETAUSDT,DASHUSDT,XMRUSDT,BATUSDT,ZILUSDT,ZRXUSDT,IOSTUSDT,OMGUSDT,QTUMUSDT,ALGOUSDT,ATOMUSDT,TFUELUSDT
2020-07,BTCUSDT,ETHUSDT,BNBUSDT,ADAUSDT,BCHUSDT,VETUSDT,XRPUSDT,EOSUSDT,LINKUSDT,LTCUSDT,ZILUSDT,TRXUSDT,XTZUSDT,XLMUSDT,ONTUSDT,ETCUSDT,IOSTUSDT,ZECUSDT,MATICUSDT,NEOUSDT,THETAUSDT,BATUSDT,TFUELUSDT,ATOMUSDT,XMRUSDT,DASHUSDT,ERDUSDT,KAVAUSDT,ZRXUSDT,OGNUSDT
2020-08,BTCUSDT,ETHUSDT,LINKUSDT,ADAUSDT,BNBUSDT,XRPUSDT,VETUSDT,BCHUSDT,XLMUSDT,EOSUSDT,XTZUSDT,LTCUSDT,TRXUSDT,ETCUSDT,ONTUSDT,ERDUSDT,ATOMUSDT,ZECUSDT,ALGOUSDT,DOGEUSDT,KNCUSDT,QTUMUSDT,KAVAUSDT,XMRUSDT,IOSTUSDT,NEOUSDT,LENDUSDT,ZILUSDT,MATICUSDT,ZRXUSDT
2020-09,BTCUSDT,ETHUSDT,LINKUSDT,XRPUSDT,BNBUSDT,EOSUSDT,BCHUSDT,LTCUSDT,XTZUSDT,ADAUSDT,BANDUSDT,TRXUSDT,VETUSDT,ZECUSDT,ATOMUSDT,OMGUSDT,ALGOUSDT,QTUMUSDT,ONTUSDT,XLMUSDT,LENDUSDT,WAVESUSDT,NEOUSDT,KAVAUSDT,ETCUSDT,COMPUSDT,BATUSDT,IOSTUSDT,ZRXUSDT,DASHUSDT
2020-10,BTCUSDT,ETHUSDT,LINKUSDT,BNBUSDT,TRXUSDT,XRPUSDT,YFIUSDT,EOSUSDT,SXPUSDT,BCHUSDT,ADAUSDT,LTCUSDT,VETUSDT,NEOUSDT,BANDUSDT,ONTUSDT,CRVUSDT,ZECUSDT,SRMUSDT,IOSTUSDT,XTZUSDT,LENDUSDT,QTUMUSDT,ATOMUSDT,XLMUSDT,ETCUSDT,OMGUSDT,XMRUSDT,ALGOUSDT,THETAUSDT
2020-11,BTCUSDT,ETHUSDT,BNBUSDT,LINKUSDT,BCHUSDT,YFIUSDT,XRPUSDT,LTCUSDT,UNIUSDT,ADAUSDT,DOTUSDT,TRXUSDT,EOSUSDT,YFIIUSDT,SXPUSDT,XMRUSDT,VETUSDT,ZECUSDT,NEOUSDT,ATOMUSDT,XLMUSDT,XTZUSDT,BANDUSDT,RENUSDT,SUSHIUSDT,DASHUSDT,WAVESUSDT,THETAUSDT,ETCUSDT,ONTUSDT
2020-12,BTCUSDT,ETHUSDT,XRPUSDT,LINKUSDT,YFIUSDT,LTCUSDT,BNBUSDT,BCHUSDT,ADAUSDT,EOSUSDT,XLMUSDT,UNIUSDT,TRXUSDT,DOTUSDT,SXPUSDT,ETCUSDT,YFIIUSDT,ZECUSDT,FILUSDT,VETUSDT,AAVEUSDT,XTZUSDT,DASHUSDT,NEOUSDT,SUSHIUSDT,OMGUSDT,WAVESUSDT,CRVUSDT,ATOMUSDT,XMRUSDT
2021-01,BTCUSDT,ETHUSDT,XRPUSDT,LTCUSDT,BCHUSDT,BNBUSDT,LINKUSDT,ADAUSDT,XLMUSDT,DOTUSDT,EOSUSDT,YFIUSDT,TRXUSDT,SUSHIUSDT,ZILUSDT,VETUSDT,UNIUSDT,FILUSDT,AAVEUSDT,THETAUSDT,ETCUSDT,EGLDUSDT,XMRUSDT,ZECUSDT,DASHUSDT,SXPUSDT,WAVESUSDT,SNXUSDT,NEOUSDT,OMGUSDT
2021-02,BTCUSDT,ETHUSDT,XRPUSDT,LTCUSDT,DOTUSDT,LINKUSDT,ADAUSDT,BNBUSDT,BCHUSDT,XLMUSDT,DOGEUSDT,EOSUSDT,TRXUSDT,UNIUSDT,YFIUSDT,VETUSDT,SUSHIUSDT,GRTUSDT,AAVEUSDT,SXPUSDT,ZECUSDT,NEOUSDT,ETCUSDT,CRVUSDT,ATOMUSDT,IOSTUSDT,XTZUSDT,DASHUSDT,THETAUSDT,EGLDUSDT
2021-03,BTCUSDT,ETHUSDT,BNBUSDT,XRPUSDT,ADAUSDT,DOGEUSDT,DOTUSDT,LTCUSDT,LINKUSDT,EOSUSDT,XLMUSDT,BCHUSDT,GRTUSDT,UNIUSDT,SXPUSDT,TRXUSDT,AAVEUSDT,VETUSDT,SUSHIUSDT,1INCHUSDT,EGLDUSDT,FILUSDT,ATOMUSDT,REEFUSDT,LUNAUSDT,FTMUSDT,ALGOUSDT,AVAXUSDT,ONTUSDT,NEOUSDT
2021-04,BTCUSDT,ETHUSDT,BNBUSDT,ADAUSDT,CHZUSDT,XRPUSDT,DOTUSDT,LTCUSDT,FILUSDT,ENJUSDT,THETAUSDT,BTTUSDT,VETUSDT,TRXUSDT,HOTUSDT,SXPUSDT,LINKUSDT,LUNAUSDT,UNIUSDT,DOGEUSDT,ONEUSDT,EOSUSDT,MATICUSDT,XEMUSDT,REEFUSDT,ANKRUSDT,AVAXUSDT,TFUELUSDT,ONTUSDT,XLMUSDT
2021-05,BTCUSDT,BNBUSDT,DOGEUSDT,ETHUSDT,XRPUSDT,ADAUSDT,WINUSDT,BTTUSDT,TRXUSDT,CHZUSDT,VETUSDT,DOTUSDT,LTCUSDT,HOTUSDT,FILUSDT,EOSUSDT,LINKUSDT,BCHUSDT,DENTUSDT,SXPUSDT,XLMUSDT,THETAUSDT,CAKEUSDT,SOLUSDT,MATICUSDT,NEOUSDT,ETCUSDT,ONTUSDT,UNIUSDT,ENJUSDT
2021-06,BTCUSDT,ETHUSDT,DOGEUSDT,BNBUSDT,XRPUSDT,ADAUSDT,MATICUSDT,ETCUSDT,DOTUSDT,EOSUSDT,LTCUSDT,LINKUSDT,VETUSDT,BCHUSDT,TRXUSDT,SOLUSDT,XLMUSDT,FILUSDT,BTTUSDT,SXPUSDT,THETAUSDT,CHZUSDT,CAKEUSDT,AAVEUSDT,UNIUSDT,ONTUSDT,LUNAUSDT,SUSHIUSDT,XVSUSDT,ZECUSDT
2021-07,BTCUSDT,ETHUSDT,BNBUSDT,DOGEUSDT,ADAUSDT,MATICUSDT,XRPUSDT,DOTUSDT,SOLUSDT,SHIBUSDT,LINKUSDT,FILUSDT,VETUSDT,THETAUSDT,LTCUSDT,CHZUSDT,ETCUSDT,TFUELUSDT,EOSUSDT,ICPUSDT,TRXUSDT,KSMUSDT,CAKEUSDT,SXPUSDT,BCHUSDT,UNIUSDT,LUNAUSDT,XLMUSDT,BAKEUSDT,AAVEUSDT
2021-08,BTCUSDT,ETHUSDT,BNBUSDT,DOGEUSDT,ADAUSDT,AXSUSDT,XRPUSDT,MATICUSDT,DOTUSDT,LINKUSDT,THETAUSDT,ETCUSDT,SOLUSDT,EOSUSDT,ALICEUSDT,TLMUSDT,SHIBUSDT,LTCUSDT,ICPUSDT,AAVEUSDT,FILUSDT,SANDUSDT,LUNAUSDT,VETUSDT,CHZUSDT,SLPUSDT,UNIUSDT,RUNEUSDT,TRXUSDT,BCHUSDT
2021-09,BTCUSDT,ETHUSDT,ADAUSDT,DOGEUSDT,BNBUSDT,XRPUSDT,SOLUSDT,DOTUSDT,AXSUSDT,MATICUSDT,LUNAUSDT,ALICEUSDT,ICPUSDT,LINKUSDT,FILUSDT,ETCUSDT,AVAXUSDT,THETAUSDT,TLMUSDT,VETUSDT,EOSUSDT,LTCUSDT,SHIBUSDT,CHZUSDT,TRXUSDT,RUNEUSDT,SANDUSDT,UNIUSDT,ATOMUSDT,DENTUSDT
2021-10,BTCUSDT,ETHUSDT,SOLUSDT,ADAUSDT,DOTUSDT,AVAXUSDT,BNBUSDT,XRPUSDT,FTMUSDT,FILUSDT,LUNAUSDT,ATOMUSDT,FTTUSDT,DOGEUSDT,LINKUSDT,MATICUSDT,ALGOUSDT,TRXUSDT,LTCUSDT,OMGUSDT,EOSUSDT,THETAUSDT,NEARUSDT,ICPUSDT,AXSUSDT,XTZUSDT,VETUSDT,SHIBUSDT,SRMUSDT,ETCUSDT
2021-11,BTCUSDT,ETHUSDT,SHIBUSDT,DOGEUSDT,SOLUSDT,BNBUSDT,DOTUSDT,XRPUSDT,ADAUSDT,FTMUSDT,AXSUSDT,FILUSDT,MATICUSDT,AVAXUSDT,LUNAUSDT,TRXUSDT,LINKUSDT,OMGUSDT,ATOMUSDT,ONEUSDT,DYDXUSDT,SLPUSDT,VETUSDT,LTCUSDT,THETAUSDT,MANAUSDT,CHZUSDT,ICPUSDT,ALGOUSDT,EOSUSDT
2021-12,BTCUSDT,SHIBUSDT,ETHUSDT,BNBUSDT,MANAUSDT,SANDUSDT,SOLUSDT,DOTUSDT,XRPUSDT,AVAXUSDT,ADAUSDT,DOGEUSDT,TRXUSDT,LRCUSDT,GALAUSDT,LTCUSDT,OMGUSDT,FTMUSDT,FILUSDT,SLPUSDT,VETUSDT,MATICUSDT,CHRUSDT,CHZUSDT,LINKUSDT,IOTXUSDT,LUNAUSDT,ALICEUSDT,ALGOUSDT,ENJUSDT
2022-01,BTCUSDT,ETHUSDT,BNBUSDT,MATICUSDT,SANDUSDT,LUNAUSDT,SHIBUSDT,SOLUSDT,XRPUSDT,GALAUSDT,AVAXUSDT,DOTUSDT,DOGEUSDT,MANAUSDT,ADAUSDT,FTMUSDT,NEARUSDT,TRXUSDT,FILUSDT,LINKUSDT,ATOMUSDT,LTCUSDT,CRVUSDT,EOSUSDT,EGLDUSDT,BTTUSDT,GXSUSDT,VETUSDT,SUSHIUSDT,AXSUSDT
2022-02,BTCUSDT,ETHUSDT,FTMUSDT,BNBUSDT,LUNAUSDT,SOLUSDT,ADAUSDT,ATOMUSDT,DOTUSDT,LINKUSDT,MATICUSDT,SANDUSDT,SHIBUSDT,XRPUSDT,NEARUSDT,DOGEUSDT,GALAUSDT,AVAXUSDT,ROSEUSDT,ICPUSDT,MANAUSDT,TRXUSDT,CRVUSDT,ONEUSDT,FILUSDT,THETAUSDT,LTCUSDT,ALGOUSDT,VETUSDT,AXSUSDT
2022-03,BTCUSDT,ETHUSDT,SHIBUSDT,XRPUSDT,LUNAUSDT,BNBUSDT,SOLUSDT,GALAUSDT,AVAXUSDT,SANDUSDT,FTMUSDT,SLPUSDT,ADAUSDT,DOTUSDT,MANAUSDT,MATICUSDT,TRXUSDT,ATOMUSDT,DOGEUSDT,NEARUSDT,LINKUSDT,AXSUSDT,FILUSDT,ROSEUSDT,PEOPLEUSDT,THETAUSDT,LTCUSDT,ICPUSDT,VETUSDT,ETCUSDT
2022-04,BTCUSDT,ETHUSDT,LUNAUSDT,SOLUSDT,XRPUSDT,BNBUSDT,AVAXUSDT,FTMUSDT,SHIBUSDT,GALAUSDT,ADAUSDT,WAVESUSDT,DOTUSDT,SANDUSDT,NEARUSDT,ETCUSDT,ATOMUSDT,TRXUSDT,RUNEUSDT,JASMYUSDT,VETUSDT,MATICUSDT,DOGEUSDT,MANAUSDT,SLPUSDT,LRCUSDT,LINKUSDT,FILUSDT,AXSUSDT,ZILUSDT
2022-05,BTCUSDT,GMTUSDT,ETHUSDT,APEUSDT,LUNAUSDT,SOLUSDT,DOGEUSDT,NEARUSDT,BNBUSDT,ZILUSDT,SHIBUSDT,XRPUSDT,AVAXUSDT,FTMUSDT,ADAUSDT,TRXUSDT,WAVESUSDT,JASMYUSDT,DOTUSDT,GALAUSDT,SLPUSDT,SANDUSDT,DARUSDT,FILUSDT,ETCUSDT,MATICUSDT,RUNEUSDT,ATOMUSDT,AXSUSDT,VETUSDT
2022-06,BTCUSDT,ETHUSDT,GMTUSDT,BNBUSDT,APEUSDT,SOLUSDT,TRXUSDT,XRPUSDT,ADAUSDT,AVAXUSDT,NEARUSDT,FTMUSDT,SHIBUSDT,DOTUSDT,GALAUSDT,DOGEUSDT,SANDUSDT,ZILUSDT,MATICUSDT,AXSUSDT,ATOMUSDT,MANAUSDT,WAVESUSDT,DARUSDT,JASMYUSDT,ENSUSDT,ALGOUSDT,RUNEUSDT,LINKUSDT,ANCUSDT
2022-07,BTCUSDT,ETHUSDT,SOLUSDT,BNBUSDT,ADAUSDT,TRXUSDT,XRPUSDT,GMTUSDT,AVAXUSDT,DOGEUSDT,SHIBUSDT,APEUSDT,GALAUSDT,LINKUSDT,MATICUSDT,NEARUSDT,WAVESUSDT,DOTUSDT,SANDUSDT,FTMUSDT,LTCUSDT,UNFIUSDT,MANAUSDT,ATOMUSDT,RUNEUSDT,PEOPLEUSDT,EGLDUSDT,BELUSDT,ZILUSDT,ANCUSDT
2022-08,BTCUSDT,ETHUSDT,SOLUSDT,BNBUSDT,MATICUSDT,ADAUSDT,XRPUSDT,GMTUSDT,AVAXUSDT,APEUSDT,ETCUSDT,SHIBUSDT,DOGEUSDT,SANDUSDT,DOTUSDT,RUNEUSDT,NEARUSDT,TRXUSDT,ATOMUSDT,FTMUSDT,GALAUSDT,LINKUSDT,BURGERUSDT,FILUSDT,OPUSDT,WAVESUSDT,LTCUSDT,MANAUSDT,UNIUSDT,UNFIUSDT
2022-09,BTCUSDT,ETHUSDT,BNBUSDT,ETCUSDT,SOLUSDT,SHIBUSDT,ADAUSDT,DOGEUSDT,XRPUSDT,MATICUSDT,AVAXUSDT,CHZUSDT,NEARUSDT,OPUSDT,APEUSDT,GMTUSDT,FILUSDT,DOTUSDT,LINKUSDT,ATOMUSDT,GALAUSDT,SANDUSDT,FTMUSDT,TRXUSDT,EOSUSDT,LTCUSDT,RUNEUSDT,WAVESUSDT,UNFIUSDT,ROSEUSDT
2022-10,BTCUSDT,ETHUSDT,XRPUSDT,BNBUSDT,ETCUSDT,SOLUSDT,ADAUSDT,CHZUSDT,ATOMUSDT,SHIBUSDT,MATICUSDT,LINKUSDT,APEUSDT,DOGEUSDT,NEARUSDT,DOTUSDT,AVAXUSDT,LTCUSDT,TRXUSDT,RVNUSDT,OPUSDT,EOSUSDT,GMTUSDT,SANDUSDT,FILUSDT,FTMUSDT,SANTOSUSDT,LDOUSDT,GALAUSDT,VGXUSDT
2022-11,BTCUSDT,ETHUSDT,XRPUSDT,DOGEUSDT,BNBUSDT,SOLUSDT,SHIBUSDT,MATICUSDT,LUNCUSDT,ADAUSDT,CHZUSDT,TRXUSDT,ATOMUSDT,LINKUSDT,ETCUSDT,AVAXUSDT,NEARUSDT,DOTUSDT,APEUSDT,QNTUSDT,LTCUSDT,GALAUSDT,SANDUSDT,ENSUSDT,KLAYUSDT,JASMYUSDT,GMTUSDT,REEFUSDT,SUSHIUSDT,UNIUSDT
2022-12,BTCUSDT,ETHUSDT,DOGEUSDT,BNBUSDT,XRPUSDT,SOLUSDT,MATICUSDT,CHZUSDT,LTCUSDT,LINKUSDT,ADAUSDT,SHIBUSDT,MASKUSDT,TRXUSDT,ATOMUSDT,APEUSDT,ALGOUSDT,NEARUSDT,DOTUSDT,DYDXUSDT,AVAXUSDT,ETCUSDT,TWTUSDT,GALAUSDT,LUNCUSDT,SANDUSDT,FTMUSDT,OPUSDT,PEOPLEUSDT,FILUSDT
2023-01,BTCUSDT,ETHUSDT,DOGEUSDT,BNBUSDT,XRPUSDT,LTCUSDT,MATICUSDT,SOLUSDT,LINKUSDT,ADAUSDT,TRXUSDT,SHIBUSDT,APEUSDT,TWTUSDT,APTUSDT,CHZUSDT,DOTUSDT,MASKUSDT,FILUSDT,ATOMUSDT,LUNCUSDT,FTMUSDT,SANDUSDT,OPUSDT,AXSUSDT,AVAXUSDT,NEARUSDT,YFIIUSDT,DYDXUSDT,XMRUSDT
2023-02,BTCUSDT,ETHUSDT,SOLUSDT,XRPUSDT,APTUSDT,DOGEUSDT,BNBUSDT,MATICUSDT,GALAUSDT,LTCUSDT,SHIBUSDT,OPUSDT,AVAXUSDT,ADAUSDT,FTMUSDT,LDOUSDT,SANDUSDT,NEARUSDT,FILUSDT,APEUSDT,HOOKUSDT,LINKUSDT,DOTUSDT,GMTUSDT,TRXUSDT,MANAUSDT,ETCUSDT,ATOMUSDT,AXSUSDT,DYDXUSDT
2023-03,BTCUSDT,ETHUSDT,MATICUSDT,BNBUSDT,APTUSDT,DOGEUSDT,XRPUSDT,SOLUSDT,FTMUSDT,OPUSDT,FILUSDT,SHIBUSDT,LDOUSDT,DYDXUSDT,LTCUSDT,HOOKUSDT,FETUSDT,AVAXUSDT,LINKUSDT,GALAUSDT,MAGICUSDT,DOTUSDT,ADAUSDT,GRTUSDT,SANDUSDT,TRXUSDT,HIGHUSDT,CFXUSDT,RNDRUSDT,NEARUSDT
2023-04,BTCUSDT,ETHUSDT,XRPUSDT,BNBUSDT,MATICUSDT,CFXUSDT,SOLUSDT,LTCUSDT,APTUSDT,FTMUSDT,DOGEUSDT,FILUSDT,OPUSDT,ADAUSDT,MAGICUSDT,LDOUSDT,MASKUSDT,STXUSDT,SHIBUSDT,DYDXUSDT,GALAUSDT,TRXUSDT,LINKUSDT,TRUUSDT,FETUSDT,DOTUSDT,AVAXUSDT,ATOMUSDT,HOOKUSDT,ACHUSDT
2023-05,BTCUSDT,ETHUSDT,DOGEUSDT,BNBUSDT,XRPUSDT,SOLUSDT,MATICUSDT,CFXUSDT,LTCUSDT,ADAUSDT,APTUSDT,FTMUSDT,INJUSDT,GALAUSDT,SHIBUSDT,FILUSDT,LINKUSDT,SXPUSDT,RNDRUSDT,AVAXUSDT,DYDXUSDT,ATOMUSDT,TRXUSDT,OPUSDT,DOTUSDT,FETUSDT,MASKUSDT,AGIXUSDT,OGUSDT,LDOUSDT
2023-06,BTCUSDT,ETHUSDT,XRPUSDT,BNBUSDT,ARBUSDT,LTCUSDT,SOLUSDT,MATICUSDT,DOGEUSDT,CFXUSDT,RNDRUSDT,ADAUSDT,FTMUSDT,TRXUSDT,APTUSDT,GALAUSDT,IDUSDT,ARPAUSDT,OPUSDT,LINAUSDT,RADUSDT,INJUSDT,AGIXUSDT,FILUSDT,LDOUSDT,SHIBUSDT,AVAXUSDT,ATOMUSDT,LINKUSDT,JASMYUSDT
2023-07,BTCUSDT,ETHUSDT,BNBUSDT,XRPUSDT,LTCUSDT,ARBUSDT,SOLUSDT,MATICUSDT,SUIUSDT,DOGEUSDT,ADAUSDT,LINAUSDT,PEPEUSDT,OPUSDT,APTUSDT,TRXUSDT,CFXUSDT,BCHUSDT,RNDRUSDT,FTMUSDT,SHIBUSDT,LINKUSDT,LUNCUSDT,AVAXUSDT,EDUUSDT,FILUSDT,MTLUSDT,DOTUSDT,STXUSDT,INJUSDT
2023-08,BTCUSDT,ETHUSDT,XRPUSDT,SOLUSDT,BNBUSDT,LTCUSDT,DOGEUSDT,ARBUSDT,MATICUSDT,BCHUSDT,ADAUSDT,LINKUSDT,OPUSDT,COMPUSDT,TRXUSDT,FILUSDT,SHIBUSDT,XVGUSDT,SUIUSDT,AVAXUSDT,XLMUSDT,PEPEUSDT,FTMUSDT,WAVESUSDT,MKRUSDT,APTUSDT,SNXUSDT,DOTUSDT,INJUSDT,AAVEUSDT
2023-09,BTCUSDT,ETHUSDT,XRPUSDT,BNBUSDT,SOLUSDT,DOGEUSDT,SHIBUSDT,LTCUSDT,MATICUSDT,OPUSDT,ARBUSDT,LINKUSDT,SUIUSDT,YGGUSDT,BCHUSDT,TRXUSDT,RUNEUSDT,ADAUSDT,CRVUSDT,APTUSDT,PEPEUSDT,APEUSDT,HBARUSDT,UNFIUSDT,FILUSDT,GALAUSDT,AVAXUSDT,BLZUSDT,TOMOUSDT,BAKEUSDT
2023-10,BTCUSDT,ETHUSDT,XRPUSDT,BNBUSDT,CYBERUSDT,SOLUSDT,WLDUSDT,LTCUSDT,ARBUSDT,LINKUSDT,DOGEUSDT,HIFIUSDT,MATICUSDT,TRBUSDT,TRXUSDT,BLZUSDT,BCHUSDT,UNFIUSDT,SEIUSDT,SUIUSDT,ADAUSDT,APTUSDT,OPUSDT,RUNEUSDT,STORJUSDT,SHIBUSDT,PERPUSDT,FETUSDT,GALAUSDT,FLMUSDT
2023-11,BTCUSDT,ETHUSDT,XRPUSDT,SOLUSDT,BNBUSDT,LINKUSDT,DOGEUSDT,LOOMUSDT,MATICUSDT,ARBUSDT,TRBUSDT,LTCUSDT,TRXUSDT,RUNEUSDT,AVAXUSDT,APTUSDT,GALAUSDT,BCHUSDT,ADAUSDT,SHIBUSDT,MINAUSDT,CYBERUSDT,WLDUSDT,RNDRUSDT,SUIUSDT,OPUSDT,BLZUSDT,AAVEUSDT,FETUSDT,LQTYUSDT
2023-12,BTCUSDT,ETHUSDT,SOLUSDT,XRPUSDT,BNBUSDT,LINKUSDT,DOGEUSDT,AVAXUSDT,MATICUSDT,GASUSDT,RUNEUSDT,ARBUSDT,FTTUSDT,DYDXUSDT,ADAUSDT,GALAUSDT,CAKEUSDT,WLDUSDT,ARKUSDT,NEARUSDT,FETUSDT,RNDRUSDT,DOTUSDT,SUIUSDT,ATOMUSDT,SEIUSDT,LTCUSDT,FILUSDT,TRXUSDT,OPUSDT
2024-01,BTCUSDT,ETHUSDT,SOLUSDT,ORDIUSDT,AVAXUSDT,BNBUSDT,XRPUSDT,DOGEUSDT,ADAUSDT,MATICUSDT,TIAUSDT,ARBUSDT,LUNCUSDT,INJUSDT,OPUSDT,LINKUSDT,DOTUSDT,NEARUSDT,SEIUSDT,MEMEUSDT,FILUSDT,RUNEUSDT,ICPUSDT,WLDUSDT,FTTUSDT,ATOMUSDT,TRBUSDT,SHIBUSDT,SUIUSDT,BAKEUSDT
2024-02,BTCUSDT,ETHUSDT,SOLUSDT,ARBUSDT,BNBUSDT,ORDIUSDT,XRPUSDT,SEIUSDT,SUIUSDT,TIAUSDT,OPUSDT,AVAXUSDT,MATICUSDT,LINKUSDT,INJUSDT,DOGEUSDT,ICPUSDT,1000SATSUSDT,ADAUSDT,TRBUSDT,PEOPLEUSDT,ENSUSDT,NEARUSDT,FILUSDT,BONKUSDT,RUNEUSDT,STXUSDT,JTOUSDT,BLURUSDT,TRXUSDT
2024-03,BTCUSDT,ETHUSDT,SOLUSDT,BNBUSDT,XRPUSDT,DOGEUSDT,LINKUSDT,SUIUSDT,ORDIUSDT,ARBUSDT,WLDUSDT,FILUSDT,SEIUSDT,MATICUSDT,ADAUSDT,AVAXUSDT,RNDRUSDT,AIUSDT,XAIUSDT,INJUSDT,TIAUSDT,1000SATSUSDT,SHIBUSDT,RUNEUSDT,OPUSDT,APTUSDT,FETUSDT,NEARUSDT,STXUSDT,UNIUSDT
2024-04,BTCUSDT,ETHUSDT,SOLUSDT,SHIBUSDT,BNBUSDT,DOGEUSDT,PEPEUSDT,FLOKIUSDT,XRPUSDT,AVAXUSDT,WLDUSDT,ARBUSDT,NEARUSDT,FETUSDT,ORDIUSDT,BONKUSDT,RNDRUSDT,FTMUSDT,FILUSDT,SUIUSDT,RUNEUSDT,MATICUSDT,ADAUSDT,GALAUSDT,LINKUSDT,APTUSDT,JUPUSDT,LTCUSDT,BCHUSDT,SEIUSDT
2024-05,BTCUSDT,ETHUSDT,SOLUSDT,DOGEUSDT,BNBUSDT,PEPEUSDT,SHIBUSDT,WIFUSDT,BOMEUSDT,XRPUSDT,ORDIUSDT,NEARUSDT,WLDUSDT,BCHUSDT,FETUSDT,FLOKIUSDT,LTCUSDT,ARBUSDT,RUNEUSDT,AVAXUSDT,FTMUSDT,PENDLEUSDT,ADAUSDT,LINKUSDT,CKBUSDT,BONKUSDT,RNDRUSDT,SUIUSDT,FILUSDT,APTUSDT
2024-06,BTCUSDT,ETHUSDT,SOLUSDT,PEPEUSDT,DOGEUSDT,WIFUSDT,SHIBUSDT,BNBUSDT,BONKUSDT,BOMEUSDT,FLOKIUSDT,XRPUSDT,RNDRUSDT,ENAUSDT,ARBUSDT,NEARUSDT,WLDUSDT,TRBUSDT,RUNEUSDT,PEOPLEUSDT,FETUSDT,ETHFIUSDT,LINKUSDT,ORDIUSDT,FTMUSDT,AVAXUSDT,SUIUSDT,ARUSDT,JTOUSDT,OPUSDT
2024-07,BTCUSDT,ETHUSDT,NOTUSDT,SOLUSDT,PEPEUSDT,BNBUSDT,WIFUSDT,PEOPLEUSDT,FLOKIUSDT,DOGEUSDT,SHIBUSDT,XRPUSDT,BONKUSDT,ORDIUSDT,BOMEUSDT,WLDUSDT,JASMYUSDT,FETUSDT,BBUSDT,NEARUSDT,ARBUSDT,RNDRUSDT,ETHFIUSDT,INJUSDT,AVAXUSDT,ENAUSDT,HIGHUSDT,FTMUSDT,CRVUSDT,TRXUSDT
2024-08,BTCUSDT,ETHUSDT,SOLUSDT,PEPEUSDT,XRPUSDT,WIFUSDT,BNBUSDT,DOGEUSDT,BONKUSDT,NOTUSDT,SHIBUSDT,FLOKIUSDT,1000SATSUSDT,BOMEUSDT,WLDUSDT,PEOPLEUSDT,NEARUSDT,AVAXUSDT,ARBUSDT,ORDIUSDT,ETHFIUSDT,FETUSDT,TRXUSDT,ADAUSDT,RUNEUSDT,ENSUSDT,IOUSDT,TIAUSDT,ZKUSDT,LINKUSDT
2024-09,BTCUSDT,ETHUSDT,SOLUSDT,XRPUSDT,PEPEUSDT,BNBUSDT,WIFUSDT,1000SATSUSDT,DOGEUSDT,FLOKIUSDT,NOTUSDT,BOMEUSDT,TRXUSDT,SHIBUSDT,SUIUSDT,FETUSDT,BONKUSDT,NEARUSDT,RUNEUSDT,AVAXUSDT,ARBUSDT,MATICUSDT,ORDIUSDT,AAVEUSDT,PEOPLEUSDT,ADAUSDT,WLDUSDT,LTCUSDT,TIAUSDT,FTMUSDT
2024-10,BTCUSDT,ETHUSDT,SOLUSDT,BNBUSDT,PEPEUSDT,SUIUSDT,WIFUSDT,XRPUSDT,DOGEUSDT,1000SATSUSDT,FETUSDT,SHIBUSDT,NEARUSDT,FLOKIUSDT,AVAXUSDT,FTMUSDT,TONUSDT,AAVEUSDT,BOMEUSDT,ORDIUSDT,NOTUSDT,BONKUSDT,WLDUSDT,PEOPLEUSDT,TAOUSDT,SEIUSDT,TRXUSDT,RUNEUSDT,ARBUSDT,TIAUSDT
2024-11,BTCUSDT,ETHUSDT,SOLUSDT,PEPEUSDT,NEIROUSDT,DOGEUSDT,SUIUSDT,BNBUSDT,WIFUSDT,XRPUSDT,SHIBUSDT,WLDUSDT,BOMEUSDT,APTUSDT,FETUSDT,BONKUSDT,FLOKIUSDT,TAOUSDT,SEIUSDT,ENAUSDT,RUNEUSDT,FTMUSDT,1000SATSUSDT,NEARUSDT,PEOPLEUSDT,AVAXUSDT,TONUSDT,SAGAUSDT,TIAUSDT,TRXUSDT
2024-12,BTCUSDT,ETHUSDT,DOGEUSDT,SOLUSDT,XRPUSDT,PEPEUSDT,BNBUSDT,SHIBUSDT,SUIUSDT,ADAUSDT,NEIROUSDT,WIFUSDT,BONKUSDT,FLOKIUSDT,AVAXUSDT,WLDUSDT,NEARUSDT,BOMEUSDT,FETUSDT,TRXUSDT,LTCUSDT,APTUSDT,XLMUSDT,DOTUSDT,ARBUSDT,LINKUSDT,HBARUSDT,ENAUSDT,TIAUSDT,FTMUSDT
2025-01,BTCUSDT,ETHUSDT,XRPUSDT,DOGEUSDT,SOLUSDT,PEPEUSDT,BNBUSDT,SUIUSDT,TRXUSDT,SHIBUSDT,HBARUSDT,ADAUSDT,LINKUSDT,PNUTUSDT,AVAXUSDT,WIFUSDT,ENAUSDT,WLDUSDT,NEIROUSDT,LTCUSDT,FLOKIUSDT,AAVEUSDT,BONKUSDT,XLMUSDT,UNIUSDT,FTMUSDT,DOTUSDT,CRVUSDT,NEARUSDT,ARBUSDT
2025-02,BTCUSDT,ETHUSDT,SOLUSDT,XRPUSDT,DOGEUSDT,SUIUSDT,PEPEUSDT,BNBUSDT,ADAUSDT,HBARUSDT,ENAUSDT,LINKUSDT,TRXUSDT,LTCUSDT,WIFUSDT,SHIBUSDT,WLDUSDT,XLMUSDT,PENGUUSDT,PNUTUSDT,BONKUSDT,AVAXUSDT,RUNEUSDT,AAVEUSDT,TAOUSDT,NEIROUSDT,USUALUSDT,FLOKIUSDT,ARBUSDT,FETUSDT
2025-03,BTCUSDT,ETHUSDT,XRPUSDT,SOLUSDT,DOGEUSDT,BNBUSDT,SUIUSDT,LTCUSDT,PEPEUSDT,ADAUSDT,HBARUSDT,RUNEUSDT,OMUSDT,ENAUSDT,LINKUSDT,TRXUSDT,WIFUSDT,TAOUSDT,AVAXUSDT,SHIBUSDT,AAVEUSDT,PNUTUSDT,WLDUSDT,FLOKIUSDT,NEARUSDT,CAKEUSDT,LDOUSDT,XLMUSDT,JUPUSDT,DOTUSDT
2025-04,BTCUSDT,ETHUSDT,XRPUSDT,SOLUSDT,BNBUSDT,ADAUSDT,DOGEUSDT,TRUMPUSDT,SUIUSDT,PEPEUSDT,LTCUSDT,TRXUSDT,HBARUSDT,LINKUSDT,ENAUSDT,PNUTUSDT,AVAXUSDT,SUSDT,AAVEUSDT,WIFUSDT,SHIBUSDT,CAKEUSDT,NEARUSDT,RUNEUSDT,BCHUSDT,TAOUSDT,WLDUSDT,AUCTIONUSDT,BERAUSDT,DOTUSDT
2025-05,BTCUSDT,ETHUSDT,SOLUSDT,XRPUSDT,DOGEUSDT,SUIUSDT,BNBUSDT,PEPEUSDT,TRUMPUSDT,ADAUSDT,OMUSDT,TRXUSDT,LTCUSDT,EOSUSDT,AVAXUSDT,LINKUSDT,ENAUSDT,HBARUSDT,CRVUSDT,SHIBUSDT,SUSDT,TAOUSDT,BONKUSDT,WIFUSDT,AAVEUSDT,LAYERUSDT,NEARUSDT,ACTUSDT,PNUTUSDT,WLDUSDT
2025-06,BTCUSDT,ETHUSDT,SOLUSDT,XRPUSDT,PEPEUSDT,DOGEUSDT,SUIUSDT,BNBUSDT,TRUMPUSDT,ADAUSDT,WIFUSDT,ENAUSDT,VIRTUALUSDT,PNUTUSDT,LTCUSDT,BONKUSDT,TRXUSDT,NEIROUSDT,AVAXUSDT,SHIBUSDT,WLDUSDT,AAVEUSDT,LINKUSDT,UNIUSDT,PENGUUSDT,TAOUSDT,HBARUSDT,NEARUSDT,LAYERUSDT,FLOKIUSDT
2025-07,BTCUSDT,ETHUSDT,SOLUSDT,XRPUSDT,DOGEUSDT,PEPEUSDT,BNBUSDT,SUIUSDT,ADAUSDT,UNIUSDT,AAVEUSDT,ENAUSDT,WIFUSDT,TRXUSDT,VIRTUALUSDT,TRUMPUSDT,NEIROUSDT,AVAXUSDT,SEIUSDT,LTCUSDT,BCHUSDT,LINKUSDT,TAOUSDT,PNUTUSDT,WLDUSDT,PENGUUSDT,NEARUSDT,SYRUPUSDT,SHIBUSDT,ETHFIUSDT
2025-08,ETHUSDT,BTCUSDT,XRPUSDT,SOLUSDT,DOGEUSDT,BNBUSDT,PEPEUSDT,SUIUSDT,BONKUSDT,PENGUUSDT,ENAUSDT,ADAUSDT,UNIUSDT,LTCUSDT,HBARUSDT,TRXUSDT,XLMUSDT,WIFUSDT,FLOKIUSDT,AVAXUSDT,LINKUSDT,TRUMPUSDT,SEIUSDT,AAVEUSDT,NEIROUSDT,CRVUSDT,BCHUSDT,WLDUSDT,SHIBUSDT,PNUTUSDT
2025-09,ETHUSDT,BTCUSDT,SOLUSDT,XRPUSDT,DOGEUSDT,BNBUSDT,ADAUSDT,ENAUSDT,SUIUSDT,LINKUSDT,PEPEUSDT,PENGUUSDT,LTCUSDT,UNIUSDT,BONKUSDT,TRXUSDT,AVAXUSDT,HBARUSDT,ARBUSDT,AAVEUSDT,XLMUSDT,SEIUSDT,CRVUSDT,TRUMPUSDT,LDOUSDT,BCHUSDT,WIFUSDT,BIOUSDT,FLOKIUSDT,WLDUSDT
2025-10,ETHUSDT,BTCUSDT,SOLUSDT,DOGEUSDT,XRPUSDT,BNBUSDT,SUIUSDT,AVAXUSDT,ENAUSDT,WLDUSDT,ADAUSDT,PEPEUSDT,PENGUUSDT,LTCUSDT,LINKUSDT,BONKUSDT,TRXUSDT,NEARUSDT,ARBUSDT,HBARUSDT,UNIUSDT,AAVEUSDT,SEIUSDT,BCHUSDT,ONDOUSDT,SHIBUSDT,DOTUSDT,ETHFIUSDT,XLMUSDT,TRUMPUSDT
2025-11,BTCUSDT,ETHUSDT,SOLUSDT,BNBUSDT,XRPUSDT,DOGEUSDT,SUIUSDT,ZECUSDT,ADAUSDT,LTCUSDT,LINKUSDT,AVAXUSDT,ENAUSDT,PUMPUSDT,TAOUSDT,PEPEUSDT,TRUMPUSDT,CAKEUSDT,PENGUUSDT,HBARUSDT,NEARUSDT,TRXUSDT,FORMUSDT,WLDUSDT,BONKUSDT,WLFIUSDT,UNIUSDT,AAVEUSDT,APTUSDT,FLOKIUSDT
2025-12,BTCUSDT,ETHUSDT,SOLUSDT,ZECUSDT,BNBUSDT,XRPUSDT,DOGEUSDT,ASTERUSDT,SUIUSDT,ICPUSDT,LTCUSDT,DASHUSDT,UNIUSDT,ADAUSDT,ZENUSDT,FILUSDT,TRUMPUSDT,NEARUSDT,TAOUSDT,TRXUSDT,XPLUSDT,LINKUSDT,AVAXUSDT,ENAUSDT,VIRTUALUSDT,HBARUSDT,STRKUSDT,PUMPUSDT,FETUSDT,PEPEUSDT
2026-01,BTCUSDT,ETHUSDT,SOLUSDT,BNBUSDT,XRPUSDT,ZECUSDT,DOGEUSDT,SUIUSDT,ADAUSDT,ASTERUSDT,TRXUSDT,BCHUSDT,LTCUSDT,AVAXUSDT,LINKUSDT,UNIUSDT,PEPEUSDT,ENAUSDT,NEARUSDT,XPLUSDT,GIGGLEUSDT,AAVEUSDT,TAOUSDT,LUNCUSDT,PENGUUSDT,HBARUSDT,PUMPUSDT,DOTUSDT,BONKUSDT,WLDUSDT
2026-02,BTCUSDT,ETHUSDT,SOLUSDT,XRPUSDT,BNBUSDT,DOGEUSDT,ZECUSDT,SUIUSDT,PEPEUSDT,LTCUSDT,ADAUSDT,DASHUSDT,BCHUSDT,TRXUSDT,PUMPUSDT,AVAXUSDT,BONKUSDT,ASTERUSDT,TAOUSDT,NEARUSDT,ENAUSDT,ICPUSDT,PENGUUSDT,LINKUSDT,HBARUSDT,WLDUSDT,VIRTUALUSDT,UNIUSDT,WLFIUSDT,ZENUSDT
2026-03,BTCUSDT,ETHUSDT,SOLUSDT,XRPUSDT,BNBUSDT,DOGEUSDT,ZECUSDT,SUIUSDT,ADAUSDT,LTCUSDT,PEPEUSDT,TRXUSDT,ASTERUSDT,BCHUSDT,WLFIUSDT,AVAXUSDT,LINKUSDT,UNIUSDT,TAOUSDT,AAVEUSDT,NEARUSDT,PUMPUSDT,HBARUSDT,ENAUSDT,TRUMPUSDT,KITEUSDT,ZROUSDT,WLDUSDT,PENGUUSDT,FILUSDT
2026-04,BTCUSDT,ETHUSDT,SOLUSDT,XRPUSDT,BNBUSDT,DOGEUSDT,TAOUSDT,ZECUSDT,SUIUSDT,ADAUSDT,TRXUSDT,PEPEUSDT,NEARUSDT,LTCUSDT,TRUMPUSDT,LINKUSDT,KITEUSDT,AVAXUSDT,FETUSDT,WLDUSDT,BCHUSDT,AAVEUSDT,ENAUSDT,PUMPUSDT,UNIUSDT,ASTERUSDT,XPLUSDT,BANANAS31USDT,DOTUSDT,HBARUSDT
2026-05,BTCUSDT,ETHUSDT,SOLUSDT,XRPUSDT,DOGEUSDT,BNBUSDT,ZECUSDT,TAOUSDT,币安人生USDT,SUIUSDT,PEPEUSDT,ADAUSDT,TONUSDT,STOUSDT,TRXUSDT,AAVEUSDT,BARDUSDT,PENGUUSDT,LTCUSDT,AVAXUSDT,TRUMPUSDT,NEARUSDT,ENJUSDT,LINKUSDT,FETUSDT,NIGHTUSDT,WLDUSDT,GIGGLEUSDT,ENAUSDT,XPLUSDT
2026-06,BTCUSDT,ETHUSDT,SOLUSDT,BNBUSDT,XRPUSDT,DOGEUSDT,ZECUSDT,SUIUSDT,NEARUSDT,TONUSDT,TAOUSDT,XLMUSDT,ONDOUSDT,TRXUSDT,WLDUSDT,LINKUSDT,LTCUSDT,ADAUSDT,AVAXUSDT,PENGUUSDT,FETUSDT,LUNCUSDT,PEPEUSDT,SPKUSDT,DASHUSDT,HBARUSDT,INJUSDT,UNIUSDT,AAVEUSDT,ICPUSDT
