,ret
2020-01-02,-0.00231806948004947
2020-01-03,-0.022566924040636975
2020-01-04,-0.0038423681769047687
2020-01-05,-0.002433818702853455
2020-01-06,0.04734911366125013
2020-01-07,0.001669475145972502
2020-01-08,-0.0069725438031180064
2020-01-09,-0.003669069451422264
2020-01-10,0.028431195621650654
2020-01-11,-0.0017696176817123337
2020-01-12,0.015071001848895182
2020-01-13,-0.013444607253853193
2020-01-14,0.11019427197624132
2020-01-15,0.030594014975993324
2020-01-16,-0.017512081004231395
2020-01-17,0.0468760283125712
2020-01-18,-0.011634714247536452
2020-01-19,-0.05308751132656617
2020-01-20,0.009525482667298895
2020-01-21,0.005373489722964187
2020-01-22,-0.001194396777256984
2020-01-23,-0.018330657542782482
2020-01-24,-0.007399298096952727
2020-01-25,-0.002970355165189798
2020-01-26,0.0
2020-01-27,-0.001516195675525188
2020-01-28,0.01898451039428709
2020-01-29,-0.004590667283091697
2020-01-30,0.0398577522738371
2020-01-31,-0.022216470225114787
2020-02-01,0.01746661595747433
2020-02-02,0.014217767353236665
2020-02-03,0.01569663521487334
2020-02-04,-0.006934389677438155
2020-02-05,0.04026495738243104
2020-02-06,0.044594156110299044
2020-02-07,0.009880436736491558
2020-02-08,-0.00981922570686951
2020-02-09,0.04009779816686682
2020-02-10,-0.011294626270418566
2020-02-11,0.04337982408410882
2020-02-12,0.005480777976188732
2020-02-13,0.008034732950810171
2020-02-14,0.017046971470724474
2020-02-15,-0.008712421334029283
2020-02-16,-0.007449472026382697
2020-02-17,-0.002565766842650183
2020-02-18,-2.7000688343704704e-05
2020-02-19,-0.007368988619785164
2020-02-20,0.0004483365223107239
2020-02-21,0.00040055733582802154
2020-02-22,0.0
2020-02-23,0.0
2020-02-24,0.0
2020-02-25,0.0
2020-02-26,0.0
2020-02-27,0.0
2020-02-28,0.0
2020-02-29,0.0
2020-03-01,0.0
2020-03-02,0.0
2020-03-03,0.0
2020-03-04,0.0009349579303522717
2020-03-05,0.004318534789800914
2020-03-06,-0.004531126221525283
2020-03-07,-0.005716072450587661
2020-03-08,-0.0023323730249019186
2020-03-09,-0.0007452544434903124
2020-03-10,-8.882117157935436e-05
2020-03-11,-0.00043522419134424465
2020-03-12,0.055021223179023894
2020-03-13,-0.0033617753902932296
2020-03-14,0.0
2020-03-15,0.0
2020-03-16,-0.010336047719291735
2020-03-17,-0.0031361479322483355
2020-03-18,0.0
2020-03-19,0.0
2020-03-20,0.0
2020-03-21,0.0
2020-03-22,0.0
2020-03-23,0.0
2020-03-24,0.0
2020-03-25,0.0
2020-03-26,0.0
2020-03-27,0.0
2020-03-28,0.0
2020-03-29,0.0
2020-03-30,0.0
2020-03-31,0.0
2020-04-01,0.0
2020-04-02,0.009078582704916198
2020-04-03,0.0023066709431112313
2020-04-04,0.0029197584750178087
2020-04-05,-0.002940482784530019
2020-04-06,0.02428993077155408
2020-04-07,-0.0033109114780741802
2020-04-08,0.009920799714480627
2020-04-09,-0.002100034567730894
2020-04-10,-0.017567760878234095
2020-04-11,0.0
2020-04-12,-0.0019542325537633444
2020-04-13,-0.001972327798137912
2020-04-14,-0.0010160699937103931
2020-04-15,-0.0064003941087726725
2020-04-16,0.004031791267439866
2020-04-17,-0.0003739348339257214
2020-04-18,0.012655697536312597
2020-04-19,-0.004669679004398639
2020-04-20,-0.026937820099216202
2020-04-21,0.0008294509010601295
2020-04-22,0.003195923707161245
2020-04-23,0.00982122687026553
2020-04-24,0.00782281053329275
2020-04-25,0.009579052456377513
2020-04-26,0.009042117068564925
2020-04-27,-0.0066345401011901235
2020-04-28,0.0051527358990334
2020-04-29,0.033035649269887904
2020-04-30,-0.021801676489459274
2020-05-01,0.003528322094515454
2020-05-02,0.006162097711678463
2020-05-03,-0.009368511383253748
2020-05-04,-0.01142888005873214
2020-05-05,-0.0008070202516079788
2020-05-06,-0.004421206052431833
2020-05-07,0.010738915375849097
2020-05-08,0.012559532000182293
2020-05-09,-0.010499725080761491
2020-05-10,-0.025500366441354266
2020-05-11,0.005550119485542897
2020-05-12,-0.013857363980899231
2020-05-13,0.0020436035590874215
2020-05-14,-0.0023206961856557977
2020-05-15,-0.0023650084724899214
2020-05-16,-0.0007329330311225322
2020-05-17,-0.0009379332378090422
2020-05-18,-0.0027197632307270777
2020-05-19,0.0041575934948691485
2020-05-20,-0.009979868722009212
2020-05-21,-0.014250005685604273
2020-05-22,-0.002742318395787567
2020-05-23,-0.00024503054505534713
2020-05-24,0.0033932083448169085
2020-05-25,1.1073419591509785e-05
2020-05-26,0.012533491461473256
2020-05-27,-0.014209709348238958
2020-05-28,0.017645034795990642
2020-05-29,-1.789081547746338e-05
2020-05-30,0.035190286871808446
2020-05-31,-0.018524024004683295
2020-06-01,0.031707465749154784
2020-06-02,-0.016262800530157568
2020-06-03,0.0026533777658996134
2020-06-04,-0.0006472695462913837
2020-06-05,-0.003068315646952959
2020-06-06,0.0007479111036411503
2020-06-07,0.005995883699718441
2020-06-08,0.0013692350444507225
2020-06-09,-0.0028219409548407345
2020-06-10,0.009037882567836355
2020-06-11,-0.015969379810138733
2020-06-12,-3.43196166254566e-05
2020-06-13,0.0
2020-06-14,0.0
2020-06-15,0.0
2020-06-16,0.0
2020-06-17,0.0
2020-06-18,0.0
2020-06-19,0.0
2020-06-20,0.00012365611453035307
2020-06-21,-0.004685649620158098
2020-06-22,0.004699557851206168
2020-06-23,0.007166434112840509
2020-06-24,-0.009827525782432093
2020-06-25,-0.0011193746922532179
2020-06-26,-0.006502887293009174
2020-06-27,0.0002610193724282076
2020-06-28,-0.001890443530384714
2020-06-29,-0.0015722027702439313
2020-06-30,0.0018705460748348172
2020-07-01,0.006818674418147755
2020-07-02,-0.00427387972798721
2020-07-03,0.004897518523969496
2020-07-04,0.021499965234931702
2020-07-05,0.011673798912045376
2020-07-06,0.011127878687469077
2020-07-07,0.018950749428801202
2020-07-08,0.05110020307097721
2020-07-09,-0.00805444084169846
2020-07-10,-0.003501601974732948
2020-07-11,0.0033335744350052286
2020-07-12,0.007832549034504258
2020-07-13,-0.011961666705540054
2020-07-14,-0.0002622081206093066
2020-07-15,-0.0008948249736838054
2020-07-16,-0.009285883345721014
2020-07-17,0.0006338701163664958
2020-07-18,-0.003676110130888425
2020-07-19,-0.0066315585400168525
2020-07-20,-0.0012839009052480887
2020-07-21,-8.015903092826238e-06
2020-07-22,0.0019487080403965242
2020-07-23,-0.0009556162703380246
2020-07-24,-0.002524686922799073
2020-07-25,0.017193775589188928
2020-07-26,0.006843079537772273
2020-07-27,0.0009234754517194888
2020-07-28,-0.0016494914063203536
2020-07-29,0.0015604939677586337
2020-07-30,0.0
2020-07-31,-0.0005660818737157426
2020-08-01,0.030656001396742138
2020-08-02,0.0022281476839644274
2020-08-03,0.0007436910094120769
2020-08-04,0.0052827337730684655
2020-08-05,0.0005904528059953847
2020-08-06,0.0027280965800442992
2020-08-07,-0.004206590442954831
2020-08-08,0.03395840316701899
2020-08-09,-0.0015804401881759822
2020-08-10,-0.0007446974797227295
2020-08-11,-0.004724004375783225
2020-08-12,0.010950289807357119
2020-08-13,-0.0036728058386853593
2020-08-14,-0.0030811832126932492
2020-08-15,0.0040604960542979275
2020-08-16,0.00460326493901135
2020-08-17,0.00023176557973181931
2020-08-18,0.00012031276353165547
2020-08-19,0.0
2020-08-20,0.0
2020-08-21,0.0
2020-08-22,0.0
2020-08-23,0.025677696816848502
2020-08-24,-0.0065331782345548475
2020-08-25,0.00031766997645668696
2020-08-26,-0.001284083943021045
2020-08-27,-1.4242550042181958e-05
2020-08-28,0.0
2020-08-29,0.0
2020-08-30,0.0
2020-08-31,0.0
2020-09-01,0.00541489655930316
2020-09-02,-0.005410534286804776
2020-09-03,0.006710942905879927
2020-09-04,-0.0020732177648252084
2020-09-05,0.0
2020-09-06,0.0
2020-09-07,0.0
2020-09-08,0.0
2020-09-09,0.0
2020-09-10,-0.0002889010382325352
2020-09-11,0.0004005990383793782
2020-09-12,0.009057832041956173
2020-09-13,0.005938155589108878
2020-09-14,0.00043243354327360527
2020-09-15,-0.0035083871997313885
2020-09-16,0.0
2020-09-17,0.0
2020-09-18,-0.0008053427273339762
2020-09-19,0.0025233733521372345
2020-09-20,0.003389816180371501
2020-09-21,0.020803694766890906
2020-09-22,-0.015495175238801675
2020-09-23,0.019916950660861285
2020-09-24,-0.022363092704272985
2020-09-25,-0.004418160464522597
2020-09-26,-0.0015855456168884323
2020-09-27,-0.0009735946882914058
2020-09-28,-0.0031616815762426326
2020-09-29,-0.0008025249698891782
2020-09-30,-0.0010790737946080025
2020-10-01,-0.002624676815815591
2020-10-02,0.003786107913685553
2020-10-03,-0.0019467476856488539
2020-10-04,0.000777369667240531
2020-10-05,0.0032822991686884927
2020-10-06,0.011149554644598266
2020-10-07,-0.006716635669311809
2020-10-08,-0.004724894652540329
2020-10-09,-0.004671983671488269
2020-10-10,-0.0032315633364260587
2020-10-11,0.009923576621326098
2020-10-12,0.006143581137022699
2020-10-13,-0.0037658810197643126
2020-10-14,-0.004578639242080499
2020-10-15,-0.00046516396273244226
2020-10-16,-0.01736282723902755
2020-10-17,-0.0035752198256384237
2020-10-18,0.006059917237707384
2020-10-19,-0.0008597707552994477
2020-10-20,0.004331582325316957
2020-10-21,-0.014777706887049864
2020-10-22,-0.00084489506383325
2020-10-23,-0.002506488771010601
2020-10-24,0.011966843687493187
2020-10-25,-0.008442772354094397
2020-10-26,-0.009946181316813275
2020-10-27,0.006461683587845038
2020-10-28,0.008075958078671843
2020-10-29,0.0076202121239667886
2020-10-30,-0.0017130688822332022
2020-10-31,0.0012184176303806707
2020-11-01,-0.009851321746569006
2020-11-02,0.01048829140743359
2020-11-03,0.00948690534609041
2020-11-04,0.0059909999607464775
2020-11-05,-0.019621368667890035
2020-11-06,-0.0076070886739281
2020-11-07,-0.003148983603667784
2020-11-08,0.0031308844447697865
2020-11-09,-0.0007564180331140689
2020-11-10,0.005708524411350768
2020-11-11,-0.004157935431181007
2020-11-12,0.0027457366029036453
2020-11-13,0.01214061730263751
2020-11-14,-0.005747104737438803
2020-11-15,-0.008276802771967616
2020-11-16,0.024397191219638462
2020-11-17,0.01679315969564267
2020-11-18,-0.002985051218436822
2020-11-19,0.0009073611377811156
2020-11-20,0.014057718868876327
2020-11-21,0.041239685964373884
2020-11-22,-0.0068803504095854935
2020-11-23,0.0031086944311344523
2020-11-24,0.0023905087332812868
2020-11-25,-0.005771115567469631
2020-11-26,-0.0022715629644259197
2020-11-27,0.0
2020-11-28,0.0
2020-11-29,0.0
2020-11-30,0.00022113851868306016
2020-12-01,-0.002111066888090126
2020-12-02,0.003617261395936897
2020-12-03,-0.0013280287207136808
2020-12-04,-0.007922028950146471
2020-12-05,-0.001776157665294456
2020-12-06,0.001929445544808024
2020-12-07,-0.0011208111462275641
2020-12-08,-0.004255597517420646
2020-12-09,-0.002048099107769941
2020-12-10,0.0015053218140589695
2020-12-11,0.003726813531482526
2020-12-12,-0.006176359210862228
2020-12-13,0.0005898230040578303
2020-12-14,-0.00028784658327052576
2020-12-15,-0.0016984279568947795
2020-12-16,0.007286319377532355
2020-12-17,0.015234724690084817
2020-12-18,5.073972328014798e-05
2020-12-19,0.004018654037860699
2020-12-20,-0.0027200865378071318
2020-12-21,0.008026489040831954
2020-12-22,0.005363804982878617
2020-12-23,0.029891491860766728
2020-12-24,-0.009179744643414804
2020-12-25,0.005182561078457305
2020-12-26,0.007341780273218472
2020-12-27,0.00010533480299210699
2020-12-28,0.011519721015627827
2020-12-29,0.001789968308489198
2020-12-30,-0.012552939944654165
2020-12-31,0.01763533287206201
2021-01-01,-0.0070791465424669435
2021-01-02,0.010164703058042877
2021-01-03,-0.0008194986638054676
2021-01-04,0.0
2021-01-05,0.01319814473776964
2021-01-06,0.011151379627770767
2021-01-07,-0.013361010065452126
2021-01-08,-0.0029581892787645995
2021-01-09,0.004448487795730594
2021-01-10,-2.7709397985640156e-05
2021-01-11,0.0
2021-01-12,-0.0012550257010274977
2021-01-13,0.008111432538479908
2021-01-14,0.010039129054813639
2021-01-15,0.0006325402753258436
2021-01-16,0.02306464751748712
2021-01-17,-0.012808153555190046
2021-01-18,-0.006878614934242248
2021-01-19,1.4805817396173977e-05
2021-01-20,0.0
2021-01-21,0.0
2021-01-22,-0.004956186069889821
2021-01-23,0.0005105102798062515
2021-01-24,0.04082026888681667
2021-01-25,-0.011495959180211767
2021-01-26,0.0020106956739866476
2021-01-27,-0.0006680204628611159
2021-01-28,-0.010499347540048365
2021-01-29,-0.009528227344997428
2021-01-30,0.02043000522346123
2021-01-31,-4.096930324870777e-05
2021-02-01,0.018564819251723756
2021-02-02,-0.0027939124540745275
2021-02-03,0.002136679770363565
2021-02-04,0.013696625182201183
2021-02-05,0.026397225562687848
2021-02-06,0.03124075396272261
2021-02-07,0.0001807754970552635
2021-02-08,0.004180581131850893
2021-02-09,-6.261184594809968e-05
2021-02-10,0.00387676928588325
2021-02-11,0.016829540804731317
2021-02-12,0.009638527225827668
2021-02-13,0.0012355481091629946
2021-02-14,-0.004496196909309465
2021-02-15,-0.0032304191074984164
2021-02-16,-0.004135884946355252
2021-02-17,-0.0024561383716705317
2021-02-18,0.0
2021-02-19,0.0
2021-02-20,0.0
2021-02-21,0.0
2021-02-22,0.0
2021-02-23,0.0
2021-02-24,0.0
2021-02-25,-0.0013089548393578423
2021-02-26,0.0023159300162564787
2021-02-27,0.006614673267388701
2021-02-28,-3.2514519044820674e-05
2021-03-01,0.0
2021-03-02,-0.012216093465023666
2021-03-03,-0.0006818086966639508
2021-03-04,-2.9154544336575423e-05
2021-03-05,0.0
2021-03-06,0.0
2021-03-07,0.009254111291623015
2021-03-08,0.0016383173907331256
2021-03-09,-0.011798381296185547
2021-03-10,-0.00022993677253065433
2021-03-11,0.0
2021-03-12,-0.0011648234046661207
2021-03-13,0.009109110919152563
2021-03-14,-0.01143444942724213
2021-03-15,0.005708080138972175
2021-03-16,-0.006874339865851822
2021-03-17,0.0002944317479031996
2021-03-18,-0.003107660964274743
2021-03-19,0.01290569043966041
2021-03-20,0.01276954768284954
2021-03-21,0.005764193400153465
2021-03-22,-0.01103020883661412
2021-03-23,-0.00814239260124009
2021-03-24,-3.03037858124284e-05
2021-03-25,0.0
2021-03-26,0.0
2021-03-27,0.0
2021-03-28,0.0
2021-03-29,0.0
2021-03-30,0.0
2021-03-31,-0.0005583548682497198
2021-04-01,0.0020187434750144496
2021-04-02,0.03648576306022119
2021-04-03,-0.0011378480995345103
2021-04-04,0.026636575215485972
2021-04-05,0.008099878510234243
2021-04-06,0.0007842135234311205
2021-04-07,-0.0008411793754497382
2021-04-08,0.004106447751076523
2021-04-09,0.003929798982541644
2021-04-10,0.0032656856151596636
2021-04-11,0.0
2021-04-12,0.0
2021-04-13,0.0
2021-04-14,0.0
2021-04-15,0.0
2021-04-16,0.03916617778723437
2021-04-17,-0.008768811364867263
2021-04-18,-5.52957546487965e-05
2021-04-19,-0.01324547678521462
2021-04-20,0.0
2021-04-21,0.0
2021-04-22,-0.007821671096044846
2021-04-23,-3.8437981941303786e-05
2021-04-24,0.0
2021-04-25,-0.0031947851548264914
2021-04-26,-0.00017179014924818752
2021-04-27,-0.0006155244990978239
2021-04-28,0.010714170250983344
2021-04-29,-0.005634141935688044
2021-04-30,-0.00246718445371203
2021-05-01,0.009208636812656311
2021-05-02,0.00020428259980868766
2021-05-03,0.01568367398826532
2021-05-04,-0.000842762270834407
2021-05-05,0.001098230512034307
2021-05-06,-0.00031911829352442554
2021-05-07,-0.007537391753993826
2021-05-08,0.005161179165314769
2021-05-09,-0.006053299837077167
2021-05-10,-0.011180416951710986
2021-05-11,0.011780505901059285
2021-05-12,-0.028919648430012105
2021-05-13,0.0014665084145666734
2021-05-14,0.008193079518447352
2021-05-15,0.010400586352408397
2021-05-16,0.0012587684008112884
2021-05-17,-0.004061630357904372
2021-05-18,4.797502891877251e-05
2021-05-19,0.008216846561018095
2021-05-20,-2.9577571752122276e-05
2021-05-21,-0.002469880524829982
2021-05-22,-0.0019334227241769135
2021-05-23,0.006352969223443853
2021-05-24,-0.00455391506336644
2021-05-25,0.0
2021-05-26,0.0
2021-05-27,0.0
2021-05-28,0.0
2021-05-29,0.0
2021-05-30,0.0
2021-05-31,0.0
2021-06-01,0.0
2021-06-02,0.0
2021-06-03,0.0
2021-06-04,0.0
2021-06-05,0.0
2021-06-06,0.0
2021-06-07,0.0
2021-06-08,-0.0038896935623990666
2021-06-09,-0.00664078937909429
2021-06-10,0.0
2021-06-11,0.0
2021-06-12,-0.004770443211061231
2021-06-13,-0.006904157440581375
2021-06-14,-0.0009768128853270117
2021-06-15,-0.0009755834945288313
2021-06-16,-0.0049722557972959195
2021-06-17,-0.004008452432523412
2021-06-18,0.004775879005319795
2021-06-19,0.010703926821910176
2021-06-20,-0.0035980866862085573
2021-06-21,0.08581665908588476
2021-06-22,0.00113803394703393
2021-06-23,-0.0048484058740574
2021-06-24,-0.0002559848239480626
2021-06-25,0.0006898225377485957
2021-06-26,-0.0015543542648293826
2021-06-27,-0.002470531939066034
2021-06-28,-0.00017580424540997782
2021-06-29,0.0
2021-06-30,-0.0023506262986225024
2021-07-01,0.0
2021-07-02,-0.0006921951063397663
2021-07-03,-0.00015096975712670292
2021-07-04,-9.21183995951229e-05
2021-07-05,0.0005288061515767923
2021-07-06,-0.00024661236695628383
2021-07-07,-0.0003272240748118762
2021-07-08,-0.0004439234866681893
2021-07-09,0.0
2021-07-10,0.0
2021-07-11,-0.00021808686080945801
2021-07-12,-6.916088552338862e-05
2021-07-13,0.0007757352599030349
2021-07-14,0.003384818316961046
2021-07-15,0.013048138442677557
2021-07-16,0.016269786912223787
2021-07-17,-0.003728476853239927
2021-07-18,-0.003050551286559956
2021-07-19,0.018628438136751538
2021-07-20,0.014746286626104943
2021-07-21,-0.027451975539263436
2021-07-22,-0.00012478167632396346
2021-07-23,0.0
2021-07-24,0.0
2021-07-25,0.0
2021-07-26,-0.004361754231324784
2021-07-27,0.0015240418395079047
2021-07-28,-0.0005898650941045615
2021-07-29,0.0032651504271855145
2021-07-30,0.01868278538187995
2021-07-31,0.006592745459292242
2021-08-01,-0.006892319032257581
2021-08-02,7.206976595061416e-05
2021-08-03,-0.008373813521024077
2021-08-04,0.009004017591509053
2021-08-05,0.007689938422503011
2021-08-06,0.00440467268339137
2021-08-07,0.02494695014552408
2021-08-08,-0.019437018344879962
2021-08-09,0.017911600635072963
2021-08-10,0.010127508280709482
2021-08-11,0.011206135441123664
2021-08-12,-0.01150530096430823
2021-08-13,0.01990228720946359
2021-08-14,-0.001446006033447116
2021-08-15,0.011731482657586357
2021-08-16,0.003491252526863754
2021-08-17,-0.016291369531016828
2021-08-18,-0.0028731960343750494
2021-08-19,0.0035619934911998523
2021-08-20,0.0061266310772648234
2021-08-21,0.007104015868591236
2021-08-22,-0.001807372553599843
2021-08-23,0.003973365676757019
2021-08-24,-0.005654951598934942
2021-08-25,0.004041123391470052
2021-08-26,-0.008088893957439338
2021-08-27,0.008100774538081994
2021-08-28,0.0006307027110740603
2021-08-29,-0.0013307957069693989
2021-08-30,0.002406533233494797
2021-08-31,0.006108438130880109
2021-09-01,0.011859616679956289
2021-09-02,-0.0028447230021799177
2021-09-03,0.0008531426933555897
2021-09-04,0.0005172450285316268
2021-09-05,0.0027898188061909195
2021-09-06,0.003271462364210893
2021-09-07,-0.00549487551525564
2021-09-08,0.0
2021-09-09,-0.0014036863989830455
2021-09-10,0.004192632248822785
2021-09-11,-0.004517576905120178
2021-09-12,0.0006236232215286742
2021-09-13,-0.00501350401918111
2021-09-14,0.001222315082347985
2021-09-15,-0.00044785912627334833
2021-09-16,0.0017477050152969534
2021-09-17,-0.005132689475428732
2021-09-18,-0.00013919066325105808
2021-09-19,-0.0031033927059192674
2021-09-20,-0.0032835804812581452
2021-09-21,0.0
2021-09-22,0.0
2021-09-23,-2.168123256094936e-05
2021-09-24,-0.005771044940856131
2021-09-25,-9.233799316699771e-06
2021-09-26,-0.010630708863405865
2021-09-27,0.0016346134926560163
2021-09-28,0.0012858269744272658
2021-09-29,-0.004295860447853572
2021-09-30,7.28672853984851e-05
2021-10-01,-0.004908654570598703
2021-10-02,0.010295724692291982
2021-10-03,0.003940472825937789
2021-10-04,-5.974121610759565e-05
2021-10-05,-0.0002067022063638607
2021-10-06,0.004264359737785639
2021-10-07,0.0012075870960062502
2021-10-08,-0.0010319589878325492
2021-10-09,0.007014905338703774
2021-10-10,-0.015624779772478562
2021-10-11,0.008038406489934594
2021-10-12,-0.005737591551713182
2021-10-13,0.008623413538773238
2021-10-14,0.006086717451431387
2021-10-15,0.016765620245956073
2021-10-16,-0.006158812680877391
2021-10-17,0.0003830026542541071
2021-10-18,0.004589823890012651
2021-10-19,0.0021588034188651027
2021-10-20,0.010647641340882237
2021-10-21,-0.006380847215913156
2021-10-22,-0.0054008428017838905
2021-10-23,0.012338908628323628
2021-10-24,-0.02168874749945241
2021-10-25,0.023937199677192388
2021-10-26,0.006793519281817401
2021-10-27,-0.006879532047551602
2021-10-28,0.0030619128450923203
2021-10-29,-0.007874372613724345
2021-10-30,-0.005912669385170753
2021-10-31,-0.001968054554813089
2021-11-01,0.012138741345833225
2021-11-02,0.0049785857200277065
2021-11-03,0.01163256470052925
2021-11-04,0.013162331087722473
2021-11-05,-0.013519440268721854
2021-11-06,0.007371284823359599
2021-11-07,0.00947804571050032
2021-11-08,0.005864500421192439
2021-11-09,-0.01376455310480579
2021-11-10,-0.033456430563410536
2021-11-11,-0.001201930630694997
2021-11-12,-0.0008611075584727415
2021-11-13,0.0012770963729085436
2021-11-14,-0.0018437258268960638
2021-11-15,0.0011867812970556633
2021-11-16,-0.011439859894844091
2021-11-17,-0.0016513244026862908
2021-11-18,0.008833808913416754
2021-11-19,-0.004199429933711692
2021-11-20,0.005268616675033424
2021-11-21,0.004073955201324812
2021-11-22,0.002367096814035214
2021-11-23,-0.0015444947895926777
2021-11-24,0.004138279044813671
2021-11-25,-0.007148372703560454
2021-11-26,-0.004397131589342989
2021-11-27,-0.0022970449389234583
2021-11-28,-0.007500453400896262
2021-11-29,-0.007275676490505894
2021-11-30,0.004552016176959261
2021-12-01,-0.0034419894042315925
2021-12-02,0.00018288831167786592
2021-12-03,0.004892876414860257
2021-12-04,0.03727032340090437
2021-12-05,0.0026800490550317317
2021-12-06,-0.00584710179815921
2021-12-07,-0.0003451039586984825
2021-12-08,-0.0005301660665186944
2021-12-09,4.138136784591702e-05
2021-12-10,0.0022084555942074938
2021-12-11,-0.005033173959492777
2021-12-12,7.819970700928118e-06
2021-12-13,0.0028894885804057126
2021-12-14,-0.013199451363810899
2021-12-15,-0.014344274286818323
2021-12-16,0.0006529234372327264
2021-12-17,0.0008230725563137857
2021-12-18,-0.0069428335917997965
2021-12-19,0.003885752272273527
2021-12-20,0.0067206773834233
2021-12-21,-0.01158356401886271
2021-12-22,-0.006279883463794737
2021-12-23,-0.004682632794706829
2021-12-24,-0.014205715310229306
2021-12-25,0.009982279415533597
2021-12-26,0.0046061011206990025
2021-12-27,-0.005642149961679238
2021-12-28,-0.020671722640327683
2021-12-29,0.005976581176422699
2021-12-30,-0.004907724630010476
2021-12-31,0.0027023420051188194
2022-01-01,-0.006311782118021795
2022-01-02,-0.005193905517684716
2022-01-03,0.013941208699897754
2022-01-04,-0.004057326450636236
2022-01-05,0.019193414907581603
2022-01-06,0.0002039778232101138
2022-01-07,0.017185850783320435
2022-01-08,0.0072159711482739945
2022-01-09,-0.0068024702637523886
2022-01-10,0.012812018164577735
2022-01-11,-0.01971179184613242
2022-01-12,-0.010637926316659841
2022-01-13,0.003415556346317611
2022-01-14,-0.002475529536364369
2022-01-15,-0.0022838751944694495
2022-01-16,0.004433752162315636
2022-01-17,-0.008041269403616031
2022-01-18,-0.004678450238865337
2022-01-19,0.000173805517669237
2022-01-20,0.004051922897573018
2022-01-21,0.046432484042225185
2022-01-22,0.011605663247206546
2022-01-23,-0.007893184133010153
2022-01-24,-0.002769995091438411
2022-01-25,-0.0004016181853735301
2022-01-26,-0.0008943524741808075
2022-01-27,-1.77079408584718e-05
2022-01-28,-5.3902990598521925e-05
2022-01-29,-4.9796279317992654e-05
2022-01-30,0.0
2022-01-31,0.0
2022-02-01,0.0
2022-02-02,0.0
2022-02-03,0.0
2022-02-04,0.0
2022-02-05,0.0
2022-02-06,-0.00361585159839433
2022-02-07,0.00796159183986194
2022-02-08,-0.007440124297178744
2022-02-09,-0.0012845028204664481
2022-02-10,-0.007867401106781326
2022-02-11,-0.008148222538931812
2022-02-12,-0.0005878905882134777
2022-02-13,0.00013841243300832923
2022-02-14,-0.005401668554245136
2022-02-15,-0.004264015024456773
2022-02-16,0.0001922064449212432
2022-02-17,-0.004533061208087579
2022-02-18,0.002722063705915642
2022-02-19,-0.0006476578449716964
2022-02-20,0.014665388106934346
2022-02-21,0.0180881236411469
2022-02-22,-0.01147294428862968
2022-02-23,-0.002654388562558846
2022-02-24,-0.005998897678022356
2022-02-25,-0.0004090859704820516
2022-02-26,0.002676244154966142
2022-02-27,-0.004878917721584626
2022-02-28,0.007257069562598098
2022-03-01,-0.001420760677247789
2022-03-02,0.0017614978698772194
2022-03-03,0.0014461167183982204
2022-03-04,-0.009030138234303181
2022-03-05,-0.00607186365044759
2022-03-06,0.0
2022-03-07,-0.0009631358987693151
2022-03-08,-0.0006467495064712017
2022-03-09,-0.004119303664887433
2022-03-10,0.003034750481444755
2022-03-11,-0.0019354933244011537
2022-03-12,-0.0006159891602227475
2022-03-13,0.007477986758077416
2022-03-14,-0.005445211417665174
2022-03-15,-0.004183861753599025
2022-03-16,-0.015968189449848496
2022-03-17,0.0012554843480096821
2022-03-18,-0.0014369068416342718
2022-03-19,-0.00585214127831473
2022-03-20,-0.007147215494600796
2022-03-21,0.0013987570801409135
2022-03-22,0.004090875401623098
2022-03-23,0.011363749435106945
2022-03-24,0.011749054867173061
2022-03-25,-0.015371914631535328
2022-03-26,0.01209591556877382
2022-03-27,0.02956079853134399
2022-03-28,-0.004239051816586501
2022-03-29,0.01503707886526055
2022-03-30,0.0024568173695122455
2022-03-31,-0.01861537616760868
2022-04-01,0.013990154852024988
2022-04-02,-0.004425791564769681
2022-04-03,0.007462059781460218
2022-04-04,-0.007815070569227105
2022-04-05,-0.008018583311191194
2022-04-06,-0.017512686902096546
2022-04-07,-0.005493553006565042
2022-04-08,0.008344241696983508
2022-04-09,-0.009228961436437873
2022-04-10,0.011443262194221046
2022-04-11,0.03387929806673194
2022-04-12,-0.01024363227204341
2022-04-13,-0.0025147355788986015
2022-04-14,0.002024794076365248
2022-04-15,-5.4080943594889064e-05
2022-04-16,-0.001094315179900759
2022-04-17,0.0026384149455159953
2022-04-18,-0.0063101350962520356
2022-04-19,-0.004693280138067646
2022-04-20,-6.454163533518401e-06
2022-04-21,0.0
2022-04-22,0.0
2022-04-23,0.0
2022-04-24,0.00044724594614280546
2022-04-25,-0.011614471335273694
2022-04-26,0.02744342708970301
2022-04-27,-0.011137957910101472
2022-04-28,0.0031408909472143264
2022-04-29,0.025212557801458226
2022-04-30,0.037425629113796946
2022-05-01,-0.00906910107637329
2022-05-02,-0.0008281473940407705
2022-05-03,0.0016315064882368741
2022-05-04,-0.007204338242020116
2022-05-05,-0.0007580221304290699
2022-05-06,0.0012812542083096435
2022-05-07,0.003998751076079523
2022-05-08,0.006462470117851271
2022-05-09,0.034393996821121126
2022-05-10,-0.013219229437296873
2022-05-11,0.00632201551337949
2022-05-12,0.0006622418006230183
2022-05-13,-0.004841333200962461
2022-05-14,-0.00016547284719028868
2022-05-15,-0.00025438364810848925
2022-05-16,-9.699907245498179e-06
2022-05-17,-2.1653599006033694e-06
2022-05-18,-2.161661138242465e-06
2022-05-19,-0.0005055603350508739
2022-05-20,0.0009947053428040022
2022-05-21,-0.0009382630244902557
2022-05-22,-0.00047909584315023476
2022-05-23,0.00037684467815641713
2022-05-24,-6.323655357933247e-05
2022-05-25,0.0004638190126912081
2022-05-26,0.006265455371247822
2022-05-27,0.004356550362944832
2022-05-28,-0.006570702578241858
2022-05-29,-0.0032714605899365357
2022-05-30,-0.004308292720227646
2022-05-31,-0.001063311688653464
2022-06-01,-0.005564803787403686
2022-06-02,-0.0005530030955199863
2022-06-03,0.0011309227915792125
2022-06-04,-0.0008910090816544679
2022-06-05,5.192459749103883e-05
2022-06-06,-0.0009275652743186792
2022-06-07,-0.0008959970603296256
2022-06-08,0.0005318245396687439
2022-06-09,-0.0009097818450541196
2022-06-10,0.006555257234050097
2022-06-11,0.015474852605184464
2022-06-12,0.020928229984966334
2022-06-13,0.028859465147304395
2022-06-14,-0.007432828052767474
2022-06-15,-0.00802788553805314
2022-06-16,-9.364610297623539e-05
2022-06-17,0.0
2022-06-18,0.003661816594976784
2022-06-19,-0.010668545987742301
2022-06-20,-3.63916504796461e-05
2022-06-21,-0.0014910263093507157
2022-06-22,0.0
2022-06-23,0.0
2022-06-24,0.0
2022-06-25,0.0013598840179028448
2022-06-26,-0.007740273903876939
2022-06-27,-0.0001796215981995266
2022-06-28,-0.00026223323073584586
2022-06-29,0.0
2022-06-30,-0.00021538033638045194
2022-07-01,0.00011671719340191207
2022-07-02,-0.0003551774780198466
2022-07-03,-3.1171222371067506e-06
2022-07-04,-0.0007054980317456209
2022-07-05,0.0005974522183236994
2022-07-06,-0.00030642927356508437
2022-07-07,-0.0017703635349057324
2022-07-08,-0.0013961715300872585
2022-07-09,0.0010603468796562116
2022-07-10,-0.013983298313266886
2022-07-11,-0.007310817622885293
2022-07-12,0.006995636697594903
2022-07-13,-0.013843660502143881
2022-07-14,-0.004342013858509002
2022-07-15,-0.004521653055648465
2022-07-16,0.00842053044258693
2022-07-17,-0.002066096277623094
2022-07-18,0.04654280689140462
2022-07-19,0.011758052623749867
2022-07-20,-0.021577513823198606
2022-07-21,0.0001360623391444073
2022-07-22,-0.0058599051815113705
2022-07-23,-0.0014919273419362281
2022-07-24,0.0021571382120495032
2022-07-25,-0.014893705104452598
2022-07-26,-0.0005422855532222559
2022-07-27,-0.0009072814192420725
2022-07-28,0.0042906870880182225
2022-07-29,0.0007422504068811736
2022-07-30,-0.003291592246982325
2022-07-31,-0.00361386414607133
2022-08-01,-0.008360643966690461
2022-08-02,-0.005331213445058114
2022-08-03,0.0026304017961609194
2022-08-04,0.004261319628202773
2022-08-05,0.010764587629684672
2022-08-06,-0.007185795931207238
2022-08-07,0.006454008952135161
2022-08-08,0.008999219695319671
2022-08-09,-0.012667827875766372
2022-08-10,0.010279659409991527
2022-08-11,-0.00770227200516469
2022-08-12,0.008970648612130651
2022-08-13,-0.0012394637842486713
2022-08-14,0.005957823695674182
2022-08-15,-0.013709144125310756
2022-08-16,0.002175682818480497
2022-08-17,-0.013150007620274675
2022-08-18,-0.0011811433730990943
2022-08-19,0.0038396437814175607
2022-08-20,-0.0029367395599439097
2022-08-21,-0.0011070869602615304
2022-08-22,-0.0003585288198815486
2022-08-23,-0.003824477883161331
2022-08-24,0.0038943153617989096
2022-08-25,-0.0023667242202139293
2022-08-26,0.007482142977984731
2022-08-27,0.0014391526857406558
2022-08-28,0.010352010386037348
2022-08-29,-0.023406336921229908
2022-08-30,0.00507165969703025
2022-08-31,-0.0013670488246924292
2022-09-01,-0.0031653980413206585
2022-09-02,0.0009073088220361237
2022-09-03,0.000401854817886416
2022-09-04,-0.0021721965935042674
2022-09-05,3.579164493536734e-05
2022-09-06,0.0001119308707663851
2022-09-07,-0.015124866346802102
2022-09-08,-0.0013024090284550404
2022-09-09,0.00013464031395614548
2022-09-10,0.001428708155856394
2022-09-11,-0.002271996903706254
2022-09-12,-0.0008474630054700964
2022-09-13,-0.03157807584985989
2022-09-14,0.0005868743776797592
2022-09-15,-0.0010603257825247997
2022-09-16,-0.0012431439784304252
2022-09-17,-0.001966493359106087
2022-09-18,0.0011552303496256272
2022-09-19,-0.012885133041353528
2022-09-20,0.006579360985441457
2022-09-21,0.0025307319514657573
2022-09-22,-0.003631586725959218
2022-09-23,-0.003137314430762819
2022-09-24,-0.0003519421831632776
2022-09-25,-0.0006723043553466157
2022-09-26,-0.0034425011630096255
2022-09-27,-0.0069512123785332655
2022-09-28,-0.002870488922534052
2022-09-29,-0.0003869112611974159
2022-09-30,-0.0005064128731923998
2022-10-01,0.000577241285379476
2022-10-02,0.0016649581180805532
2022-10-03,-0.0031467647403073656
2022-10-04,-0.0013629406336037805
2022-10-05,-0.001428233802591654
2022-10-06,-0.0020173755254249497
2022-10-07,-0.001292583866147973
2022-10-08,-0.002516547492072549
2022-10-09,0.00033606509598738983
2022-10-10,0.010711796754758224
2022-10-11,0.0011155275940327
2022-10-12,0.0011926751037522857
2022-10-13,0.0024053535891493225
2022-10-14,-0.0042982920031674554
2022-10-15,0.000963312923518399
2022-10-16,-0.005049809679733993
2022-10-17,-0.003866102438401412
2022-10-18,0.0026795195043306636
2022-10-19,0.008362921581352085
2022-10-20,0.0009364766357512281
2022-10-21,-0.01579756149715302
2022-10-22,-0.007479885163257085
2022-10-23,-0.016306242215499683
2022-10-24,0.0059636369826872645
2022-10-25,-0.00866626265586991
2022-10-26,0.017300645428115685
2022-10-27,-0.007214354580394587
2022-10-28,0.01733634217136188
2022-10-29,0.011699687179582727
2022-10-30,-0.003972685744255123
2022-10-31,0.0014267235205472604
2022-11-01,-0.014104184971106217
2022-11-02,-0.017754497702293252
2022-11-03,0.002588644215685406
2022-11-04,0.0381858905608014
2022-11-05,0.001472515180272878
2022-11-06,-0.011014047830984157
2022-11-07,-0.0016267486290213076
2022-11-08,-0.006570047255864875
2022-11-09,0.012462045879698395
2022-11-10,-0.007246908844956549
2022-11-11,0.0
2022-11-12,-0.0005185088656487402
2022-11-13,0.000984978553731455
2022-11-14,-0.003350253678227098
2022-11-15,-5.299768767348708e-05
2022-11-16,5.825145653576811e-05
2022-11-17,0.0010434029062019116
2022-11-18,-0.0005774338141004287
2022-11-19,0.0011060483404860607
2022-11-20,0.009069860338401426
2022-11-21,0.004821182440928175
2022-11-22,-0.013900010405378143
2022-11-23,-0.00866817765591023
2022-11-24,0.00029756097280794714
2022-11-25,0.0005928361213926121
2022-11-26,0.000361879379951776
2022-11-27,0.00031385131390982676
2022-11-28,0.0011639341856964063
2022-11-29,-0.0018195920714091651
2022-11-30,-0.0033450624919349275
2022-12-01,-0.005145896606127148
2022-12-02,-0.007487617659824238
2022-12-03,-0.005296095285728231
2022-12-04,0.004193799142234734
2022-12-05,-0.0073338839080703
2022-12-06,-0.0007246976135136671
2022-12-07,-0.007931700007832295
2022-12-08,0.0024367365475470785
2022-12-09,-0.0006580901974721602
2022-12-10,0.0007571099478579031
2022-12-11,0.0014347647329813582
2022-12-12,0.0031115096576055015
2022-12-13,-0.01014499094728776
2022-12-14,0.00359094446669338
2022-12-15,-0.001804108114579049
2022-12-16,0.03405754151037339
2022-12-17,-0.007836551631907595
2022-12-18,0.0015607769489253067
2022-12-19,0.020858931888035462
2022-12-20,-0.015097921058789179
2022-12-21,0.0075567340628493376
2022-12-22,-0.003585924526207594
2022-12-23,-0.000244396433651894
2022-12-24,0.002375383724484423
2022-12-25,0.0019699224921244755
2022-12-26,-0.010381524845421734
2022-12-27,0.006758997420464556
2022-12-28,0.022763960697930054
2022-12-29,-0.0008914396345142782
2022-12-30,0.0011000295564434937
2022-12-31,-0.0041613704522814625
2023-01-01,-0.0024999795135605615
2023-01-02,-0.00913712343320605
2023-01-03,0.0021508082553355996
2023-01-04,-0.013404182578385757
2023-01-05,-0.0038249722671577216
2023-01-06,0.0021227337355206274
2023-01-07,-0.0019652155337288317
2023-01-08,0.017680910793469642
2023-01-09,0.018996683092143474
2023-01-10,0.009803487272864382
2023-01-11,0.011085287550365825
2023-01-12,0.011720247174712638
2023-01-13,0.016979664237321727
2023-01-14,0.026320684064813395
2023-01-15,-0.0053012939878573405
2023-01-16,-0.004264481254991524
2023-01-17,-0.0011150494994785997
2023-01-18,-0.02199208046656322
2023-01-19,0.006101835876060499
2023-01-20,0.021188651634943212
2023-01-21,-0.004888789229990263
2023-01-22,0.0048106131383408345
2023-01-23,0.0039890720856198165
2023-01-24,-0.02485945638325967
2023-01-25,0.017675336273000726
2023-01-26,0.0008234967951216679
2023-01-27,0.005976405235381249
2023-01-28,-0.006264556412713068
2023-01-29,0.016836156240292048
2023-01-30,-0.026144504464302307
2023-01-31,0.013694622114411286
2023-02-01,0.0076196689494868455
2023-02-02,-0.00042688761105100253
2023-02-03,0.007706133535935945
2023-02-04,0.0025362376070313893
2023-02-05,-0.00861076924173521
2023-02-06,-0.005036306459113803
2023-02-07,0.014013522889660093
2023-02-08,-0.005661671827348613
2023-02-09,-0.023820314817836617
2023-02-10,-7.275789365717197e-05
2023-02-11,0.0002580742084835068
2023-02-12,-0.000249199752891139
2023-02-13,-0.0008683399617903185
2023-02-14,0.0
2023-02-15,0.0003301859477514163
2023-02-16,-0.013212296864733011
2023-02-17,0.012553225882335902
2023-02-18,-0.0011371613972117284
2023-02-19,-0.000937714215517347
2023-02-20,0.0014484168300749674
2023-02-21,-0.009233259988493517
2023-02-22,-0.004780959987440549
2023-02-23,-0.00027692171429678764
2023-02-24,-0.004122102901879825
2023-02-25,-0.004419343293295162
2023-02-26,-1.0102890057698362e-05
2023-02-27,0.0
2023-02-28,-0.0008292285170733062
2023-03-01,0.0001721848541647122
2023-03-02,-0.005824312725600231
2023-03-03,-0.007404008109844923
2023-03-04,0.001478376912016846
2023-03-05,-9.35959319097406e-05
2023-03-06,-4.780932497415951e-05
2023-03-07,0.0004746867651086759
2023-03-08,0.001981727575514789
2023-03-09,0.003378005265025632
2023-03-10,0.00016226913396854046
2023-03-11,-0.0002636201729278588
2023-03-12,-0.00515379806806936
2023-03-13,-0.0006121958067256195
2023-03-14,-0.004256489331017397
2023-03-15,-0.0067064203438205565
2023-03-16,0.0058487594575442154
2023-03-17,0.010775432385906903
2023-03-18,-0.004388433705255374
2023-03-19,0.003602171712711292
2023-03-20,-0.007298415156036024
2023-03-21,0.00910817745750618
2023-03-22,-0.012930203045409384
2023-03-23,0.007244201415088228
2023-03-24,-0.007007187399996949
2023-03-25,-0.0021154401659830343
2023-03-26,0.003815352108654821
2023-03-27,-0.00802664404367892
2023-03-28,0.0032005505285397926
2023-03-29,0.0063290886102030436
2023-03-30,-0.0026155518581854695
2023-03-31,0.0028247221524946905
2023-04-01,0.001054496171726087
2023-04-02,-0.0029854749107167382
2023-04-03,-0.0026608853103959164
2023-04-04,0.0003505502881439396
2023-04-05,-0.0015213970024136384
2023-04-06,-0.004065980076466314
2023-04-07,-0.0007125062804750566
2023-04-08,-0.0008529086453710903
2023-04-09,0.0018376371444611152
2023-04-10,0.006221519727232868
2023-04-11,-0.006263772624071478
2023-04-12,-0.0010010974914613727
2023-04-13,0.014961311554027199
2023-04-14,0.011640565047259644
2023-04-15,0.004852223962128891
2023-04-16,0.010475422893073178
2023-04-17,-0.013656118904569196
2023-04-18,0.01521812698365476
2023-04-19,-0.04893546554054506
2023-04-20,-0.0003268928373456349
2023-04-21,0.005427397556796312
2023-04-22,-0.00299509710268612
2023-04-23,0.0021586784831704926
2023-04-24,0.00021694667063641097
2023-04-25,-0.004017008288470575
2023-04-26,-0.003986200222363781
2023-04-27,-0.001110981993086259
2023-04-28,-0.0006262468239868446
2023-04-29,-0.0011994429335007942
2023-04-30,0.0020799018859563334
2023-05-01,0.0015044791531599294
2023-05-02,-0.0008365413941572288
2023-05-03,-0.0020510876406673274
2023-05-04,0.006980064216861459
2023-05-05,-0.0008468775180830318
2023-05-06,0.011262967454354277
2023-05-07,0.0016027240900375178
2023-05-08,0.03163600785460054
2023-05-09,-0.001456636896266484
2023-05-10,-0.008044982830091883
2023-05-11,0.014582565880741048
2023-05-12,-0.009381723949739199
2023-05-13,0.004801425996719743
2023-05-14,-0.006189430029141799
2023-05-15,-0.0029767033287982528
2023-05-16,0.0018145964947599259
2023-05-17,-0.010355597868635767
2023-05-18,0.004559433082341946
2023-05-19,0.0007180058816324571
2023-05-20,-3.7692259838931964e-05
2023-05-21,0.004840046287720851
2023-05-22,-0.00688882616222178
2023-05-23,-0.003424269685846691
2023-05-24,0.005349929516754223
2023-05-25,-0.0010367017883644942
2023-05-26,-0.0026258615467790025
2023-05-27,-0.009205827531959792
2023-05-28,-0.010842477794539241
2023-05-29,-0.00013007307253644956
2023-05-30,0.005492637707198288
2023-05-31,-0.0018096631756023718
2023-06-01,-0.004545300514904424
2023-06-02,0.0026373603553480297
2023-06-03,-0.002103236369426622
2023-06-04,0.0005614687702839939
2023-06-05,-0.0031395875042428585
2023-06-06,-0.013254731589686352
2023-06-07,0.027848625704597042
2023-06-08,-0.0038814827471379694
2023-06-09,0.018399927562421967
2023-06-10,0.06936345718264719
2023-06-11,-0.0015061817238491925
2023-06-12,-0.0011832044103611702
2023-06-13,-0.004768201669977449
2023-06-14,0.002728272379136833
2023-06-15,-0.0020514635270119847
2023-06-16,-0.002797746383009044
2023-06-17,-0.0016668911622854292
2023-06-18,5.502631147737229e-05
2023-06-19,-0.0009350523497280006
2023-06-20,-0.0005520920555590241
2023-06-21,0.004951486688320169
2023-06-22,-0.0022702282096664496
2023-06-23,0.0032337306780344443
2023-06-24,-0.0012429351973429876
2023-06-25,-0.0016528100423619612
2023-06-26,-0.008475047560011377
2023-06-27,0.0058000585481835214
2023-06-28,-0.014508268273988002
2023-06-29,0.0022542892517597047
2023-06-30,0.017128380910394255
2023-07-01,-0.0022282280203975284
2023-07-02,0.004063883373718624
2023-07-03,0.001259988975560166
2023-07-04,-0.00799603168603485
2023-07-05,-0.007077664648119983
2023-07-06,-0.006095387003878028
2023-07-07,0.010375404168359382
2023-07-08,0.0032026520286374304
2023-07-09,-0.004447343767454489
2023-07-10,0.0011773378688088917
2023-07-11,0.002481783052298892
2023-07-12,-0.009792725436935438
2023-07-13,0.057430619365725404
2023-07-14,-0.022577031798711965
2023-07-15,0.00651190967056477
2023-07-16,-0.007109783907909452
2023-07-17,-0.0006649156437758939
2023-07-18,-0.0076636310723311365
2023-07-19,0.0006196676073593681
2023-07-20,-0.0035855577158419526
2023-07-21,-0.005415264285839839
2023-07-22,0.00462440629151499
2023-07-23,0.0005136906190254816
2023-07-24,0.004046593226808582
2023-07-25,0.012490449319650815
2023-07-26,-0.010261353896838223
2023-07-27,-0.0003577238537488077
2023-07-28,-0.003705334836101387
2023-07-29,-0.0025595431704972748
2023-07-30,0.003468675418455631
2023-07-31,0.0009444854703724402
2023-08-01,-0.005185550179700362
2023-08-02,0.0064077399254231756
2023-08-03,0.012507575394671538
2023-08-04,-0.0014670631311485014
2023-08-05,0.011303041508752618
2023-08-06,-0.006914207100591382
2023-08-07,0.0078772984859904
2023-08-08,-0.013773995568673576
2023-08-09,-0.005016835291726615
2023-08-10,0.002059650229942712
2023-08-11,0.004638769090201498
2023-08-12,0.001190280301332256
2023-08-13,-0.0006699313265209442
2023-08-14,-0.001378212088530048
2023-08-15,0.01637846359417288
2023-08-16,0.021880447091807184
2023-08-17,0.05394218831964135
2023-08-18,-0.005503624986956255
2023-08-19,-0.005438923917473501
2023-08-20,-0.003267637587452395
2023-08-21,0.005602634992899757
2023-08-22,0.006250549899866182
2023-08-23,-0.011474966772085515
2023-08-24,0.008788538835398233
2023-08-25,0.004482436337184527
2023-08-26,-0.0008378677724091283
2023-08-27,-0.005961457217999624
2023-08-28,-0.0054535266554039084
2023-08-29,-0.024727540624069053
2023-08-30,0.0011053378698787071
2023-08-31,0.002291587352404211
2023-09-01,1.9902644439206307e-05
2023-09-02,-0.003499374905728987
2023-09-03,-0.0005462725946973599
2023-09-04,0.00037640486765368696
2023-09-05,-0.004243658360748438
2023-09-06,-0.0006460090499250514
2023-09-07,-0.005397714413187791
2023-09-08,0.00647619548210226
2023-09-09,-4.700976508189175e-05
2023-09-10,0.016292618517432803
2023-09-11,0.026064833232790928
2023-09-12,-0.010522200617494894
2023-09-13,-0.011876021916863792
2023-09-14,-0.009104408649433529
2023-09-15,-0.004142282993433116
2023-09-16,0.000871343594520002
2023-09-17,0.004504418103578612
2023-09-18,-0.008174262826742057
2023-09-19,-0.004773587462397833
2023-09-20,-0.007436824855104897
2023-09-21,-0.001985476235306518
2023-09-22,0.005956201035400388
2023-09-23,-0.0021147200576057744
2023-09-24,-0.00013559498048293562
2023-09-25,0.007000381718452802
2023-09-26,-0.006023780292727932
2023-09-27,0.0031568987666889055
2023-09-28,0.0031706466540908293
2023-09-29,0.0012301264704712483
2023-09-30,0.001895717185940977
2023-10-01,0.020743369775566702
2023-10-02,-0.022765796091395767
2023-10-03,0.0030718119586555996
2023-10-04,-0.006183850548129667
2023-10-05,-0.007230444240646356
2023-10-06,0.004511051949666378
2023-10-07,-0.0033207703029704467
2023-10-08,-0.00041835276147308097
2023-10-09,-0.006489951140855996
2023-10-10,-0.0003137159540117757
2023-10-11,0.005754962008739072
2023-10-12,0.004878666068984549
2023-10-13,-0.005669066427428636
2023-10-14,-0.0023233837561973934
2023-10-15,-0.0013594959252173151
2023-10-16,-0.013832064388857479
2023-10-17,0.02226768303410855
2023-10-18,-0.001253574228802837
2023-10-19,0.0012921129599121016
2023-10-20,-0.00331843741314456
2023-10-21,0.0005090043831697554
2023-10-22,0.00950109457403974
2023-10-23,0.056071928468017174
2023-10-24,-0.002831500344920355
2023-10-25,0.007202586713197683
2023-10-26,-0.0014194106755623288
2023-10-27,-0.006868660522469643
2023-10-28,0.001041450760005556
2023-10-29,0.005313078589101428
2023-10-30,0.004384636503164298
2023-10-31,0.0017505461447772405
2023-11-01,0.007162749588793005
2023-11-02,-0.003496852167326444
2023-11-03,0.00821196055537294
2023-11-04,0.007379159909989383
2023-11-05,0.014175480698857641
2023-11-06,0.0293370830930992
2023-11-07,-0.018328269888142387
2023-11-08,0.01663455249652556
2023-11-09,0.009127992360573718
2023-11-10,0.016995067212962272
2023-11-11,0.013857494953009083
2023-11-12,0.005973377033067704
2023-11-13,-0.02650113045781687
2023-11-14,-0.010018013349492013
2023-11-15,0.016663048778192063
2023-11-16,-0.02052361950050336
2023-11-17,-0.0008701813888948918
2023-11-18,-0.009078390099161558
2023-11-19,0.0014018852260472214
2023-11-20,-0.0015557558150590721
2023-11-21,-0.011653182375392424
2023-11-22,0.003127783983909864
2023-11-23,-0.00021121524719499622
2023-11-24,0.0007774544893822122
2023-11-25,-0.0010681057119858602
2023-11-26,0.0015756653626048777
2023-11-27,-6.402987094018996e-05
2023-11-28,-0.00211695226052036
2023-11-29,-0.002486905825836229
2023-11-30,-0.001632105497505104
2023-12-01,0.0017657155073683008
2023-12-02,0.008744224811742609
2023-12-03,-0.0030093635468803545
2023-12-04,0.009417892305739011
2023-12-05,0.013697633581273991
2023-12-06,0.0014498099285315418
2023-12-07,0.007917920243575367
2023-12-08,0.03319356705403224
2023-12-09,-0.0038064852133673052
2023-12-10,0.01274134879250828
2023-12-11,-0.026691341018371034
2023-12-12,0.0012339576501779468
2023-12-13,-0.00027442375607249783
2023-12-14,-0.0019869464914932587
2023-12-15,-0.009958569676837104
2023-12-16,0.014238014608038961
2023-12-17,-0.001908664589424379
2023-12-18,0.0008358057700624425
2023-12-19,0.0016581905365023687
2023-12-20,0.009536307019901978
2023-12-21,0.02556027837190443
2023-12-22,0.0007094359687999598
2023-12-23,0.009678034912473205
2023-12-24,-0.00902608405729702
2023-12-25,0.013342709631706078
2023-12-26,0.016195757347585923
2023-12-27,0.008631091954472366
2023-12-28,-0.00047889345679384633
2023-12-29,-0.0025945483731651658
2023-12-30,0.0006856966143672724
2023-12-31,-0.0023810754878875857
2024-01-01,-0.0002963329869815943
2024-01-02,0.0007254534493672371
2024-01-03,-0.0074938152472160445
2024-01-04,-0.002440164190199095
2024-01-05,-0.0032118277501295344
2024-01-06,-0.0022462252452735724
2024-01-07,-0.00020022266086327508
2024-01-08,0.00018775972561528055
2024-01-09,-0.0075771461948746675
2024-01-10,0.006083910810803526
2024-01-11,-0.0021694921055460336
2024-01-12,-0.010952152084371789
2024-01-13,0.00587633487449059
2024-01-14,-0.0051077433175036905
2024-01-15,0.0039000613013217317
2024-01-16,-0.0007588426014868975
2024-01-17,-0.005619734825099821
2024-01-18,-0.01397390373621853
2024-01-19,0.0007638443851724639
2024-01-20,-0.0032882504631142413
2024-01-21,-0.0010568015195116871
2024-01-22,0.0010957817842640529
2024-01-23,0.0001738342347895698
2024-01-24,-0.0003769532299851534
2024-01-25,0.000533060438057854
2024-01-26,-0.003363244701410147
2024-01-27,0.00025362187608636815
2024-01-28,0.0011787029316405412
2024-01-29,-0.00221467528503453
2024-01-30,0.0020615945879692097
2024-01-31,-0.0008268959876817381
2024-02-01,0.002089953221082362
2024-02-02,0.0024409593111413747
2024-02-03,-0.004599716724070517
2024-02-04,0.005088926334260276
2024-02-05,0.0011211942826895233
2024-02-06,-0.004818478936240061
2024-02-07,0.0006305190999404486
2024-02-08,0.002302517449836454
2024-02-09,0.010002571946534703
2024-02-10,0.004217565378185075
2024-02-11,-0.0016439774716325755
2024-02-12,0.02885036744055495
2024-02-13,-0.009598343505942264
2024-02-14,0.030923756751366358
2024-02-15,0.007619730362296791
2024-02-16,-0.0071481870196655846
2024-02-17,-0.009839669607104674
2024-02-18,0.01328960267591203
2024-02-19,0.003904652014758776
2024-02-20,-0.005103115795338824
2024-02-21,-0.008602159581479196
2024-02-22,-0.0006934982337053003
2024-02-23,-0.0026780160308085828
2024-02-24,0.0032740874396765206
2024-02-25,0.005145104868112034
2024-02-26,0.009503060225449805
2024-02-27,0.004642030289680666
2024-02-28,0.02481590951315559
2024-02-29,0.0025290687957242207
2024-03-01,-0.0012211696241163483
2024-03-02,0.0
2024-03-03,-0.000692132455404687
2024-03-04,0.004515228670601953
2024-03-05,0.0006675981934209102
2024-03-06,0.00741389073031533
2024-03-07,0.013173584045153819
2024-03-08,0.002644839760315786
2024-03-09,-0.00045913486387769067
2024-03-10,0.007344733562639954
2024-03-11,0.0004659927520750982
2024-03-12,0.0008928052622147619
2024-03-13,0.003956781587705687
2024-03-14,-0.0057908397413118365
2024-03-15,-0.00189927426989335
2024-03-16,-0.008802594827905174
2024-03-17,0.00406575474496731
2024-03-18,-0.0141230221600512
2024-03-19,-0.007466480854819523
2024-03-20,-0.0004147407594026179
2024-03-21,0.0035023310270392675
2024-03-22,-0.004666874464866968
2024-03-23,-0.0009002933828369298
2024-03-24,0.0
2024-03-25,0.0
2024-03-26,0.0002115794532329932
2024-03-27,0.003470977396728354
2024-03-28,0.006625478739363935
2024-03-29,-1.4488194208665438e-05
2024-03-30,0.0
2024-03-31,0.0
2024-04-01,0.0
2024-04-02,0.0014694929081798486
2024-04-03,-0.0023575154718745565
2024-04-04,-0.006439027454063869
2024-04-05,0.0014430791765683766
2024-04-06,-0.0030722492356904125
2024-04-07,3.4451262375488367e-06
2024-04-08,-0.0011115585313173923
2024-04-09,-0.012333480464565555
2024-04-10,0.002781690033636525
2024-04-11,-0.002150527304461535
2024-04-12,-0.001028036383868013
2024-04-13,0.011314918855038256
2024-04-14,-0.004521215656995294
2024-04-15,-0.0003346280073978811
2024-04-16,-0.002686657135911865
2024-04-17,-0.004075144458856906
2024-04-18,-0.0019193334480834456
2024-04-19,0.0
2024-04-20,0.0
2024-04-21,0.0
2024-04-22,0.0
2024-04-23,0.0
2024-04-24,-0.00552716973904316
2024-04-25,-0.00011144926164323717
2024-04-26,0.0
2024-04-27,0.0
2024-04-28,0.0
2024-04-29,0.0
2024-04-30,0.01305430290763044
2024-05-01,-0.00452400159090648
2024-05-02,-0.0022454556251031944
2024-05-03,-0.001558488558538212
2024-05-04,0.008314778011169996
2024-05-05,-0.002699645255325309
2024-05-06,-0.014513579055524388
2024-05-07,-0.01671605160070431
2024-05-08,-0.004573294076868787
2024-05-09,0.006118308135505389
2024-05-10,-0.007547300377923574
2024-05-11,-0.0009155250695776792
2024-05-12,0.00016995898498646392
2024-05-13,0.005943827611572484
2024-05-14,0.0036129217779040717
2024-05-15,-0.001525823079121037
2024-05-16,-0.01440156484827602
2024-05-17,0.0132225951505629
2024-05-18,-0.0012284731531284883
2024-05-19,-0.010337669805473623
2024-05-20,0.051177362429105415
2024-05-21,0.001354691994076393
2024-05-22,-0.0064253002414032855
2024-05-23,-0.008102649330062878
2024-05-24,-0.0013154440897997688
2024-05-25,-0.00012604032680839684
2024-05-26,0.0010182001406131294
2024-05-27,0.005470894216710995
2024-05-28,-0.00015191094065261973
2024-05-29,-0.005455655467637848
2024-05-30,-0.0016445465121729392
2024-05-31,-0.0035126066454478676
2024-06-01,0.006105851946389794
2024-06-02,0.0026100607705437442
2024-06-03,0.009103785867464336
2024-06-04,0.004962197225375166
2024-06-05,-0.0010248321241705758
2024-06-06,-0.004053396437583998
2024-06-07,-0.013555841143678322
2024-06-08,0.00913100290829243
2024-06-09,-0.005198100940166124
2024-06-10,0.002548594931044457
2024-06-11,0.020141194254076455
2024-06-12,-0.026039598414144702
2024-06-13,0.003175870534687769
2024-06-14,0.00460886992955099
2024-06-15,-0.005842399761063904
2024-06-16,-0.007301338684560412
2024-06-17,0.01736755805806511
2024-06-18,0.015641941376296636
2024-06-19,-0.0037436288049888912
2024-06-20,-0.005021692575681781
2024-06-21,0.00032406486367890687
2024-06-22,-0.0007714189083386954
2024-06-23,0.014850772492145446
2024-06-24,-0.007081154804311404
2024-06-25,-0.007813446343450145
2024-06-26,4.302677830683129e-05
2024-06-27,-0.0006496678869884495
2024-06-28,0.004412623406027609
2024-06-29,0.0018065658871129872
2024-06-30,-0.006306982330633567
2024-07-01,0.004953133588763693
2024-07-02,-0.001310960653555064
2024-07-03,-0.003021606070227304
2024-07-04,0.04044518708328422
2024-07-05,0.0069707770945526505
2024-07-06,-0.01899407327695688
2024-07-07,0.0014367954691367187
2024-07-08,-0.005824534820580654
2024-07-09,-0.00451748008513812
2024-07-10,-0.001944129763556029
2024-07-11,-0.005652316089982644
2024-07-12,-0.002524848091689029
2024-07-13,0.0036886984566379647
2024-07-14,-0.0024604469831400635
2024-07-15,0.015372305190604299
2024-07-16,-0.004574772214598923
2024-07-17,-0.004456089218305696
2024-07-18,-0.009128878826217358
2024-07-19,0.01229629192925479
2024-07-20,0.0008258329149924753
2024-07-21,0.011976773186007175
2024-07-22,-0.014411350477117682
2024-07-23,-0.011563990516907296
2024-07-24,-0.003499047455571391
2024-07-25,-0.007709090849540862
2024-07-26,0.0038545208314078806
2024-07-27,-0.0007711595095664521
2024-07-28,0.00041649673939319427
2024-07-29,-0.004774979891167502
2024-07-30,-0.00023927740427062916
2024-07-31,-0.009760892534038225
2024-08-01,-0.013656955212154154
2024-08-02,0.027671237797830695
2024-08-03,0.013646720684704461
2024-08-04,0.02736157035446058
2024-08-05,0.037293224640358995
2024-08-06,-0.00722696800612992
2024-08-07,0.0006787734949213378
2024-08-08,-0.0023439316642145515
2024-08-09,-8.064107020737195e-06
2024-08-10,0.0
2024-08-11,0.0
2024-08-12,0.0
2024-08-13,-0.0018134794515071483
2024-08-14,-0.0036591307264424258
2024-08-15,-0.0012665913808826406
2024-08-16,-0.0009316880875014082
2024-08-17,-0.001109308736307196
2024-08-18,-0.00014387535234848962
2024-08-19,-0.0005951619802483724
2024-08-20,-0.0015520964502800804
2024-08-21,-0.00018087248470659975
2024-08-22,0.0007826917135596936
2024-08-23,0.022639106450667867
2024-08-24,0.008157160734907604
2024-08-25,-0.01484890204225381
2024-08-26,-0.016905055220838114
2024-08-27,-0.018771572523447154
2024-08-28,-0.001789211328558569
2024-08-29,-0.0024977810358357564
2024-08-30,-0.005248294624287835
2024-08-31,0.004183213329485492
2024-09-01,0.01334430841559228
2024-09-02,-0.016593695416646244
2024-09-03,0.012474021233378464
2024-09-04,-0.008053835335284344
2024-09-05,0.011737292538847283
2024-09-06,0.01884765796367785
2024-09-07,-0.010960286466754201
2024-09-08,-0.010893409817363513
2024-09-09,-0.016356379896656392
2024-09-10,-0.0006183680451356705
2024-09-11,0.0006869160926055954
2024-09-12,-0.0010217322467111374
2024-09-13,-0.0020894303335385594
2024-09-14,0.0015817619724933364
2024-09-15,0.0007288296604862508
2024-09-16,-0.006703890102855775
2024-09-17,0.00085878779333307
2024-09-18,0.008690222145509338
2024-09-19,0.008874447288828063
2024-09-20,0.01599850105179011
2024-09-21,0.005940864829020563
2024-09-22,-0.008670928214871311
2024-09-23,0.0067060987231931804
2024-09-24,0.019008580732804547
2024-09-25,-0.007995444477529208
2024-09-26,0.026129858165830914
2024-09-27,0.018946734299687306
2024-09-28,0.0007875536800823461
2024-09-29,-0.0012149921925786451
2024-09-30,-0.018685594766894742
2024-10-01,-0.018578118382152366
2024-10-02,0.0006997211299056427
2024-10-03,-0.00247945030463725
2024-10-04,-0.00580322613843966
2024-10-05,0.002230154900233279
2024-10-06,-0.00110437887048161
2024-10-07,0.00018368174430849428
2024-10-08,-0.002169837227763491
2024-10-09,0.0008152103185153404
2024-10-10,-0.0010310126767291573
2024-10-11,-0.0015517999281111537
2024-10-12,-0.000256318189784178
2024-10-13,0.003463091587129644
2024-10-14,0.009952173518507128
2024-10-15,-0.012052362156466713
2024-10-16,-0.0011229434292798438
2024-10-17,-0.001967240293866217
2024-10-18,0.0017103840370845357
2024-10-19,0.003254640470192546
2024-10-20,0.003136645099312437
2024-10-21,-0.007859003206468776
2024-10-22,-0.003899185610625585
2024-10-23,-0.005796335716341139
2024-10-24,0.005352394960921823
2024-10-25,-0.005435250473203265
2024-10-26,-0.003189099769039524
2024-10-27,-0.0032592804624752463
2024-10-28,0.00673588787038695
2024-10-29,0.006499273379629881
2024-10-30,-0.007668793961583023
2024-10-31,-0.008303729852484598
2024-11-01,-0.0027900707742736716
2024-11-02,4.865045029590048e-05
2024-11-03,0.0001211038794622576
2024-11-04,-0.0008395139199862361
2024-11-05,-0.001529472716858024
2024-11-06,0.005004144679158587
2024-11-07,0.008143903119171047
2024-11-08,-0.0013168807469284643
2024-11-09,0.022349563311893583
2024-11-10,0.04001702821292779
2024-11-11,0.05466757456666373
2024-11-12,-0.005038249627709682
2024-11-13,-0.0056418952754813175
2024-11-14,0.0015154584923736153
2024-11-15,0.010335624149677636
2024-11-16,0.006135786072533059
2024-11-17,-0.004585733087990285
2024-11-18,0.0005493245654944488
2024-11-19,-0.0018337105769123865
2024-11-20,-0.0015405011809701905
2024-11-21,0.005237287631432214
2024-11-22,0.014831009034409438
2024-11-23,0.0011205103050226514
2024-11-24,-0.007493521898732106
2024-11-25,-0.010877522897746178
2024-11-26,-0.003583278014461911
2024-11-27,0.009098782487892497
2024-11-28,-0.00583375331935009
2024-11-29,0.010232869291101291
2024-11-30,0.02714063944428935
2024-12-01,0.007990585840022688
2024-12-02,0.006820105198453585
2024-12-03,0.03701195453682043
2024-12-04,0.002117417210585231
2024-12-05,-0.007260515199955455
2024-12-06,-0.0009967340128517117
2024-12-07,-0.001591025174181474
2024-12-08,-0.004510864438231396
2024-12-09,-0.017488106565140348
2024-12-10,-0.004706740266473209
2024-12-11,0.0
2024-12-12,-0.0007892645451358047
2024-12-13,0.002602695798857558
2024-12-14,-0.005355251260016208
2024-12-15,0.0002033127135743409
2024-12-16,0.0003980503071195913
2024-12-17,-0.0007319155365445949
2024-12-18,-0.006509798994713983
2024-12-19,-0.0016528016913888086
2024-12-20,-1.3278777482700229e-05
2024-12-21,0.0
2024-12-22,0.0
2024-12-23,0.0
2024-12-24,0.0
2024-12-25,0.0
2024-12-26,2.2224901207464136e-05
2024-12-27,2.3972860902153453e-05
2024-12-28,-0.0014475186214436741
2024-12-29,0.001149711631908781
2024-12-30,-0.0009830201364977192
2024-12-31,-0.00024765423918706396
2025-01-01,2.969044067404809e-05
2025-01-02,-0.0006913851956518515
2025-01-03,0.0013346257038479121
2025-01-04,0.005019289265488485
2025-01-05,-0.001155770599078879
2025-01-06,-0.006891772430712737
2025-01-07,-0.018461741358264252
2025-01-08,0.005559957004656884
2025-01-09,0.008305252468914276
2025-01-10,-0.005511558652508008
2025-01-11,-0.00031678750356078965
2025-01-12,-0.008032370814386297
2025-01-13,-0.004460734608879632
2025-01-14,-0.012498003166625806
2025-01-15,0.007394309572941281
2025-01-16,0.02257373662570365
2025-01-17,0.015413557013492656
2025-01-18,-0.007644396568712479
2025-01-19,-0.022988952943553694
2025-01-20,-0.005864071747991301
2025-01-21,-0.008901507100313559
2025-01-22,-0.005780365655343463
2025-01-23,-0.0009447300086826685
2025-01-24,0.010246417355752643
2025-01-25,0.0026014558779784637
2025-01-26,0.0238857228295484
2025-01-27,0.009220379477516144
2025-01-28,0.042357629599440595
2025-01-29,-0.021558552593094592
2025-01-30,-0.007626824721235474
2025-01-31,-0.00401827729257849
2025-02-01,0.0071284987460063665
2025-02-02,0.016822701402795234
2025-02-03,0.009045667904516821
2025-02-04,-2.239465734820837e-05
2025-02-05,0.0
2025-02-06,0.005571053294987594
2025-02-07,-0.003965165784535322
2025-02-08,-0.01799227562922124
2025-02-09,0.0018299163196752058
2025-02-10,-0.0031013453356636272
2025-02-11,-0.004364529621191803
2025-02-12,-0.008622287088781386
2025-02-13,-0.008671046749998416
2025-02-14,-0.004494555624757531
2025-02-15,0.0003421335397556157
2025-02-16,-0.007473089754496324
2025-02-17,0.0014022878466898121
2025-02-18,0.014720917159629626
2025-02-19,0.0003370324829806087
2025-02-20,-0.025258851911811066
2025-02-21,-0.0017954146586189274
2025-02-22,0.005459058905638065
2025-02-23,-0.0011588440339194196
2025-02-24,0.05256242900280102
2025-02-25,-0.008107374994067242
2025-02-26,0.015202697006535279
2025-02-27,-0.002348513816005073
2025-02-28,-0.001195225788545256
2025-03-01,-0.0020103958124181374
2025-03-02,-0.010437303860701649
2025-03-03,-0.02983195401405994
2025-03-04,-0.0017838657494338875
2025-03-05,-0.010672206906737232
2025-03-06,-0.0008070487707343633
2025-03-07,-0.0002814011447897167
2025-03-08,-0.004354398450722742
2025-03-09,0.050459624561711845
2025-03-10,0.017740147333285567
2025-03-11,-0.02310725081368172
2025-03-12,-0.0017862454175283954
2025-03-13,0.0018683458651032863
2025-03-14,-0.00826123587996845
2025-03-15,-0.0022112041106397444
2025-03-16,0.0022158524407852966
2025-03-17,-0.002034359057209182
2025-03-18,-0.0005458998749742978
2025-03-19,-0.004165710353155472
2025-03-20,0.0013312295706818425
2025-03-21,0.0001494452726548764
2025-03-22,-0.0006148933128321171
2025-03-23,-0.001220693436717854
2025-03-24,0.0003028924197748244
2025-03-25,-0.00021864903090341314
2025-03-26,-0.00022294488752523775
2025-03-27,0.00029900762116396803
2025-03-28,-0.014772369030584737
2025-03-29,0.001982060587120768
2025-03-30,0.0019301893665648283
2025-03-31,0.004281879404863146
2025-04-01,-0.011150909816198692
2025-04-02,0.020448732203716676
2025-04-03,-0.005107710568584138
2025-04-04,-0.009663651269005088
2025-04-05,0.0037036037277748176
2025-04-06,0.060257536522201616
2025-04-07,-0.003373245381495676
2025-04-08,0.0006893155908158718
2025-04-09,-0.006630670101286835
2025-04-10,-0.0005355031752809226
2025-04-11,0.0003123536721264865
2025-04-12,0.00037635083736866373
2025-04-13,0.001347205228587035
2025-04-14,-0.0003971032565762888
2025-04-15,-0.00016524237549318463
2025-04-16,-0.0008910542421483644
2025-04-17,-0.0020413628123970877
2025-04-18,-0.0033939639621265723
2025-04-19,0.004378170408420565
2025-04-20,-0.0011848737569393074
2025-04-21,-0.002647346504979982
2025-04-22,0.029343746074159755
2025-04-23,0.012409975015200555
2025-04-24,0.0034048826126632553
2025-04-25,0.00039687668685274314
2025-04-26,0.005165805834646179
2025-04-27,-0.00902658513723091
2025-04-28,0.0025335535780268022
2025-04-29,-0.00600032008074596
2025-04-30,-0.007023873754049411
2025-05-01,0.005780134409701261
2025-05-02,0.004672081048826831
2025-05-03,-0.006079736401806584
2025-05-04,-0.008117628744926176
2025-05-05,-0.0017648088526152062
2025-05-06,-0.0025133881933701637
2025-05-07,0.00781935457099793
2025-05-08,0.03793707274406542
2025-05-09,0.016289759076976645
2025-05-10,0.04228781911127463
2025-05-11,-0.0212270226591001
2025-05-12,0.004603333838194308
2025-05-13,0.005318001306839893
2025-05-14,-0.01010724885768771
2025-05-15,-0.014956832371982672
2025-05-16,-0.0021592689274973604
2025-05-17,-0.004012675998900112
2025-05-18,0.0019506335280346713
2025-05-19,-0.0016813928022867259
2025-05-20,0.001848265754428723
2025-05-21,0.005080336981674621
2025-05-22,0.0026766211907748865
2025-05-23,-0.028728485036755656
2025-05-24,0.002242322548157366
2025-05-25,-0.001275616214373062
2025-05-26,0.0012164029970323528
2025-05-27,0.002225993197630579
2025-05-28,-0.0023815922198636374
2025-05-29,-0.006129792440316282
2025-05-30,-0.0009243942271899506
2025-05-31,-0.007999094367448795
2025-06-01,-0.00015697763049828234
2025-06-02,0.0
2025-06-03,0.0
2025-06-04,0.0
2025-06-05,0.0
2025-06-06,-0.00123795570244441
2025-06-07,0.002569213008981728
2025-06-08,-0.0014681714924927843
2025-06-09,0.0015693383369490032
2025-06-10,0.0029863235621298695
2025-06-11,-0.005094763816792545
2025-06-12,-0.006461141643655579
2025-06-13,-0.005835362039185024
2025-06-14,0.0011750363166804355
2025-06-15,-0.003586021640550533
2025-06-16,-0.0035455130768981134
2025-06-17,-0.0018142863646175727
2025-06-18,-0.0004814322913168806
2025-06-19,0.00122823773662926
2025-06-20,0.01120877903128711
2025-06-21,0.018627236701875927
2025-06-22,0.01006442951408558
2025-06-23,-0.032264379560443986
2025-06-24,-0.00013480858754525555
2025-06-25,0.0
2025-06-26,0.0
2025-06-27,0.0
2025-06-28,0.0
2025-06-29,0.0
2025-06-30,0.0
2025-07-01,0.0
2025-07-02,0.0005090979992731158
2025-07-03,0.0005135274751313901
2025-07-04,-0.007955005629603046
2025-07-05,0.0009427750378808461
2025-07-06,0.0014257877439572027
2025-07-07,-0.0050665010429181935
2025-07-08,0.004315356134313774
2025-07-09,0.013268909500993843
2025-07-10,0.026544003825613366
2025-07-11,0.004304576342061209
2025-07-12,-0.006594004544739211
2025-07-13,0.006892949658588837
2025-07-14,0.007105285322992394
2025-07-15,0.006207258115283269
2025-07-16,0.01080071476827223
2025-07-17,0.014600734986121142
2025-07-18,0.002369216612927169
2025-07-19,0.004296264398423526
2025-07-20,0.015389377468723658
2025-07-21,0.007486678744073586
2025-07-22,0.0031347470409126693
2025-07-23,-0.03300498182373395
2025-07-24,-0.0005249541239089699
2025-07-25,0.0039854566157454035
2025-07-26,0.00026616159109632776
2025-07-27,0.013713384830334121
2025-07-28,-0.012951261327707315
2025-07-29,-0.0026244816619458234
2025-07-30,-0.004201473591744669
2025-07-31,0.0022440265632872286
2025-08-01,-0.001752778591740617
2025-08-02,-0.0002869068974865429
2025-08-03,0.0011467854310460814
2025-08-04,0.0011191233520931351
2025-08-05,-0.0005012441117563445
2025-08-06,-0.000802316509964399
2025-08-07,0.0005846869298044275
2025-08-08,0.0012820276186456118
2025-08-09,0.004133701837990317
2025-08-10,0.005682096353522399
2025-08-11,-0.00084524819475182
2025-08-12,0.013435311771966232
2025-08-13,0.012012782627949399
2025-08-14,-0.020968600311106454
2025-08-15,-0.0055181392749679
2025-08-16,-0.0004666442258004634
2025-08-17,0.002372533028578386
2025-08-18,-0.0028106170441423934
2025-08-19,-0.0021648785389148883
2025-08-20,0.0011776601572152572
2025-08-21,-0.0007182691006394653
2025-08-22,0.0003774345713767856
2025-08-23,-0.0029749769191468427
2025-08-24,-0.002922090676717647
2025-08-25,-0.022192539397435564
2025-08-26,-0.0034289408536134908
2025-08-27,-0.0013552536055648297
2025-08-28,-0.00029777018228962224
2025-08-29,-0.0009346287554173498
2025-08-30,-0.0019292745444072844
2025-08-31,0.0005082497958202839
2025-09-01,-0.00025667464765700195
2025-09-02,-0.0013897287740633145
2025-09-03,-0.0003537110323520627
2025-09-04,0.0025003240378971415
2025-09-05,-0.0047562934553749
2025-09-06,0.002527790809325843
2025-09-07,-0.0036700374746046972
2025-09-08,0.00046585953505775304
2025-09-09,0.0014686307982810871
2025-09-10,0.00882022522952541
2025-09-11,0.00409236302317841
2025-09-12,0.011677990427666271
2025-09-13,0.007569900804782091
2025-09-14,-0.014783454067160133
2025-09-15,-0.009609196162587468
2025-09-16,0.005420955972706045
2025-09-17,0.007716705646040769
2025-09-18,0.006443482778930089
2025-09-19,-0.01456409399381348
2025-09-20,0.0027957334962260302
2025-09-21,-0.0019747556886318828
2025-09-22,-0.014077551717632912
2025-09-23,0.00020619067177213234
2025-09-24,2.2246217862352108e-05
2025-09-25,0.006281368315916094
2025-09-26,-0.007176652644778292
2025-09-27,0.003221576845918764
2025-09-28,-0.0050728774965845625
2025-09-29,0.0008480626930862517
2025-09-30,0.0022200992609230593
2025-10-01,-0.006939322942899811
2025-10-02,0.0002674357145617572
2025-10-03,0.008329348270667841
2025-10-04,-0.0024371385069687996
2025-10-05,0.0005404853809380468
2025-10-06,0.004607168505451691
2025-10-07,-0.0017111143127099757
2025-10-08,0.003724660490980155
2025-10-09,-0.0026929570210937957
2025-10-10,0.05151927542946074
2025-10-11,-0.00503008695252858
2025-10-12,-0.009796223132719153
2025-10-13,-0.0017266366855649645
2025-10-14,-0.0031366895839188016
2025-10-15,0.00010922697144927427
2025-10-16,-0.000238430007572959
2025-10-17,-0.0008833379596049565
2025-10-18,-0.0037146821133870293
2025-10-19,-0.0059789083860391
2025-10-20,-0.0020306534124458595
2025-10-21,-0.0010082992875883713
2025-10-22,-0.0012202577154958772
2025-10-23,-0.0027035266852707754
2025-10-24,-0.0037260799370468396
2025-10-25,0.00037795377031335704
2025-10-26,-0.0059458919525643954
2025-10-27,0.0007527319230829806
2025-10-28,0.0011517068906647912
2025-10-29,-0.00031817252930730185
2025-10-30,0.0015866099313861849
2025-10-31,-0.006084017343910467
2025-11-01,-0.012850346375818882
2025-11-02,0.001479177687408195
2025-11-03,0.05254867428057851
2025-11-04,0.02245081031808789
2025-11-05,-0.02346878651018404
2025-11-06,0.01508735822601932
2025-11-07,-0.02807653646423857
2025-11-08,0.001603963236257879
2025-11-09,-0.004741158714600499
2025-11-10,-0.008409332809007793
2025-11-11,-0.0018553641869912705
2025-11-12,0.0014501605066946828
2025-11-13,0.002634735843948471
2025-11-14,0.036765835526622416
2025-11-15,-0.011438430623752733
2025-11-16,0.018012509004695466
2025-11-17,0.02246776768324178
2025-11-18,-0.024015584790635047
2025-11-19,0.018120736453400975
2025-11-20,0.03555670643554708
2025-11-21,0.02540410897488791
2025-11-22,-0.0020645965051229458
2025-11-23,-0.013312292626198246
2025-11-24,-0.030704944427245508
2025-11-25,0.002294095669498788
2025-11-26,-0.007622343101189621
2025-11-27,0.002522065909299369
2025-11-28,0.0031885142012199265
2025-11-29,0.0003515712260515878
2025-11-30,0.0013135683493046431
2025-12-01,0.013306889071526173
2025-12-02,-0.04309997281171224
2025-12-03,-0.0024540095784136152
2025-12-04,-0.0013231716101521573
2025-12-05,0.0003294951000851748
2025-12-06,-0.000727839088882318
2025-12-07,0.0005024267724844076
2025-12-08,-0.004868630934676693
2025-12-09,-0.019174656326956897
2025-12-10,0.0011327624747625416
2025-12-11,-0.0026358170556294593
2025-12-12,-0.005808955305733338
2025-12-13,-0.0020039212908939483
2025-12-14,0.006814638737760219
2025-12-15,0.011618370285901845
2025-12-16,-0.005060555786675312
2025-12-17,0.021440125288167067
2025-12-18,0.00989692959848918
2025-12-19,-0.025185149692917824
2025-12-20,-0.0010770875922319725
2025-12-21,0.0011861758164568965
2025-12-22,-0.0022656204864547084
2025-12-23,0.0025243774042901382
2025-12-24,-0.000867418937301842
2025-12-25,-9.125016096648395e-05
2025-12-26,-0.002038863805254085
2025-12-27,-0.0004593596348441821
2025-12-28,-0.0006960616687523379
2025-12-29,-0.0012409140422689204
2025-12-30,-0.0025859019331677933
2025-12-31,-0.0016984828347697733
2026-01-01,-0.005549173376154865
2026-01-02,0.014319646580980052
2026-01-03,0.005485075512334394
2026-01-04,0.004917782980549846
2026-01-05,0.010817686084556716
2026-01-06,0.0010996778988028224
2026-01-07,-0.013549621185962119
2026-01-08,-0.004404996023272691
2026-01-09,-0.000685866679370875
2026-01-10,0.0018275943802933275
2026-01-11,0.0005132911755114378
2026-01-12,-0.002950537874782063
2026-01-13,0.010148315421617022
2026-01-14,6.646858949215687e-05
2026-01-15,-0.003335598593820277
2026-01-16,-0.00513154446819788
2026-01-17,0.003075372761812558
2026-01-18,0.0014645302149454509
2026-01-19,-0.0038629066762145793
2026-01-20,0.008192260971912828
2026-01-21,-0.015096451609571427
2026-01-22,0.005552838379338061
2026-01-23,-0.0014059927696900923
2026-01-24,0.00010084808451613233
2026-01-25,0.02532083736809293
2026-01-26,-0.019449172091871438
2026-01-27,-0.011375064653245903
2026-01-28,0.0002099788269555378
2026-01-29,0.03306273368946933
2026-01-30,0.0050930888323506215
2026-01-31,0.023903386301230303
2026-02-01,0.007846233570548691
2026-02-02,-0.009408808872031554
2026-02-03,0.0059746580591619365
2026-02-04,0.008194582232791838
2026-02-05,0.043671680157649884
2026-02-06,-0.018138939220153638
2026-02-07,-1.1590983596286876e-05
2026-02-08,0.0
2026-02-09,-0.00017628323101975845
2026-02-10,0.0006181270731535503
2026-02-11,0.00010726336879948443
2026-02-12,-0.0035972309880372222
2026-02-13,-0.0038891869389702234
2026-02-14,-0.0004986836534508733
2026-02-15,0.0003201175522333524
2026-02-16,-0.0006025204995714668
2026-02-17,-0.0007059237329268758
2026-02-18,0.0005699928419238994
2026-02-19,0.0004910384957077067
2026-02-20,-0.00038096071300076543
2026-02-21,-0.00063804970257978
2026-02-22,-0.0008919023563542984
2026-02-23,-0.006645540689614777
2026-02-24,0.0019796567775749096
2026-02-25,-0.024801289233126304
2026-02-26,-0.00481223432449462
2026-02-27,-0.0012118861547720087
2026-02-28,-0.012781254678582866
2026-03-01,-0.0009864733806729058
2026-03-02,-0.0014418322198178405
2026-03-03,-8.735378571392352e-05
2026-03-04,-0.0031355333740035385
2026-03-05,-0.005813157430777231
2026-03-06,-0.009038287912874293
2026-03-07,0.004320369343968614
2026-03-08,0.00037557565575461197
2026-03-09,-0.007060030251201107
2026-03-10,-0.011592781774242946
2026-03-11,0.002166851780023177
2026-03-12,0.002326602630770096
2026-03-13,0.0010881588122106497
2026-03-14,0.002024726399019747
2026-03-15,0.007473336059621515
2026-03-16,0.008496952454187934
2026-03-17,-0.00348545550156528
2026-03-18,-0.014414914166844862
2026-03-19,-0.0035688032383564485
2026-03-20,0.0006724308670402447
2026-03-21,-0.003733938513651251
2026-03-22,-0.0014279727486118156
2026-03-23,-0.0031619512731998005
2026-03-24,0.0025322724485986456
2026-03-25,0.0006928974675222128
2026-03-26,-0.0013181519530719979
2026-03-27,0.00305710272253255
2026-03-28,0.0027735876483520722
2026-03-29,0.0020935529847135132
2026-03-30,-0.006217938144092544
2026-03-31,-0.0075098101344888485
2026-04-01,-0.002374036628084297
2026-04-02,0.010276912806895622
2026-04-03,-0.005399545482355847
2026-04-04,-0.0031483784311683066
2026-04-05,-0.005299071510484948
2026-04-06,-0.0005120019371052265
2026-04-07,-0.015299379411019345
2026-04-08,-0.004338196946418838
2026-04-09,0.0056057329691279216
2026-04-10,0.0010314497945535638
2026-04-11,0.002452288509848749
2026-04-12,-0.00900123837705621
2026-04-13,0.006817849641988568
2026-04-14,-0.00187250463378008
2026-04-15,0.002396774992566596
2026-04-16,0.002761331005717033
2026-04-17,0.0002867297262323004
2026-04-18,-0.01250417155332083
2026-04-19,-0.009928313367893987
2026-04-20,0.006200685423194313
2026-04-21,0.0028775375320803515
2026-04-22,0.0012137375324591218
2026-04-23,0.000634216707058206
2026-04-24,-0.002933980519154959
2026-04-25,-0.0007232569285933231
2026-04-26,0.003960585777265719
2026-04-27,-0.008190791223573458
2026-04-28,-0.00136276235643528
2026-04-29,-0.005365637778236965
2026-04-30,0.00142234687517727
2026-05-01,0.0033042343260832026
2026-05-02,0.003872850273621427
2026-05-03,0.002127811836019641
2026-05-04,0.0047010361462504575
2026-05-05,0.025949853061513612
2026-05-06,0.013944467585488275
2026-05-07,-0.0074270638629073855
2026-05-08,0.012604877992496596
2026-05-09,-0.0014157766968530463
2026-05-10,0.025694323807986422
2026-05-11,-0.005285050779861856
2026-05-12,-0.015166852112924522
2026-05-13,-0.008716933867126046
2026-05-14,0.003816752978763995
2026-05-15,-0.00568599727908234
2026-05-16,-0.005141052001513257
2026-05-17,0.004572833181157851
2026-05-18,-0.00481469920807613
2026-05-19,0.0006251348647582448
2026-05-20,0.0032913976650975484
2026-05-21,-0.0029409788708571
2026-05-22,-0.0009509458833068885
2026-05-23,-0.0038362167594543643
2026-05-24,0.005425414755657049
2026-05-25,-0.0009102666691221004
2026-05-26,0.009783552438460368
2026-05-27,0.005055461715163994
2026-05-28,0.0037653925196038268
2026-05-29,-0.0025543170045973177
2026-05-30,0.008537083110866664
2026-05-31,0.00012503839520672228
2026-06-01,-0.006460976018779222
2026-06-02,0.03680787160235424
2026-06-03,0.00872049318126384
2026-06-04,0.015640611846495744
2026-06-05,0.05372764081555943
2026-06-06,0.004893917065677359
2026-06-07,-0.01633157678804244
2026-06-08,-0.0010544773652261688
2026-06-09,0.000540811151561689
2026-06-10,0.002224311428330043
2026-06-11,-0.001896438956602604
2026-06-12,-0.00024578524386324524
2026-06-13,-0.001799057745693741
2026-06-14,-0.0007306973072558778
2026-06-15,-0.00223290024665472
2026-06-16,0.007366559502682223
2026-06-17,-0.0025550893830303656
2026-06-18,-0.0027036891039808283
2026-06-19,0.005777611395826774
2026-06-20,-0.0046136642391894755
2026-06-21,0.0013267508849386074
2026-06-22,-0.0035613421581138804
2026-06-23,0.0010916453330865347
2026-06-24,-0.0025814638751957782
2026-06-25,0.006315953699884673
2026-06-26,-0.010897053490788641
2026-06-27,0.0029598444469117018
2026-06-28,0.0032117009910403254
2026-06-29,-0.00810146359491237
2026-06-30,0.010736150134567706
