,0,1,2,3,4,5,6,7,8,9
2020-01,BTCUSDT,ETHUSDT,BNBUSDT,MATICUSDT,XRPUSDT,TRXUSDT,EOSUSDT,LTCUSDT,VETUSDT,LINKUSDT
2020-02,BTCUSDT,ETHUSDT,BCHUSDT,ETCUSDT,EOSUSDT,XRPUSDT,LTCUSDT,BNBUSDT,TRXUSDT,DASHUSDT
2020-03,BTCUSDT,ETHUSDT,BCHUSDT,XRPUSDT,BNBUSDT,EOSUSDT,LTCUSDT,ETCUSDT,LINKUSDT,TRXUSDT
2020-04,BTCUSDT,ETHUSDT,BCHUSDT,LINKUSDT,BNBUSDT,XRPUSDT,EOSUSDT,LTCUSDT,XTZUSDT,ETCUSDT
2020-05,BTCUSDT,ETHUSDT,BNBUSDT,LINKUSDT,BCHUSDT,XRPUSDT,EOSUSDT,LTCUSDT,XTZUSDT,ETCUSDT
2020-06,BTCUSDT,ETHUSDT,BNBUSDT,BCHUSDT,XRPUSDT,LINKUSDT,EOSUSDT,LTCUSDT,ADAUSDT,ETCUSDT
2020-07,BTCUSDT,ETHUSDT,BNBUSDT,ADAUSDT,BCHUSDT,VETUSDT,XRPUSDT,EOSUSDT,LINKUSDT,LTCUSDT
2020-08,BTCUSDT,ETHUSDT,LINKUSDT,ADAUSDT,BNBUSDT,XRPUSDT,VETUSDT,BCHUSDT,XLMUSDT,EOSUSDT
2020-09,BTCUSDT,ETHUSDT,LINKUSDT,XRPUSDT,BNBUSDT,EOSUSDT,BCHUSDT,LTCUSDT,XTZUSDT,ADAUSDT
2020-10,BTCUSDT,ETHUSDT,LINKUSDT,BNBUSDT,TRXUSDT,XRPUSDT,YFIUSDT,EOSUSDT,SXPUSDT,BCHUSDT
2020-11,BTCUSDT,ETHUSDT,BNBUSDT,LINKUSDT,BCHUSDT,YFIUSDT,XRPUSDT,LTCUSDT,UNIUSDT,ADAUSDT
2020-12,BTCUSDT,ETHUSDT,XRPUSDT,LINKUSDT,YFIUSDT,LTCUSDT,BNBUSDT,BCHUSDT,ADAUSDT,EOSUSDT
2021-01,BTCUSDT,ETHUSDT,XRPUSDT,LTCUSDT,BCHUSDT,BNBUSDT,LINKUSDT,ADAUSDT,XLMUSDT,DOTUSDT
2021-02,BTCUSDT,ETHUSDT,XRPUSDT,LTCUSDT,DOTUSDT,LINKUSDT,ADAUSDT,BNBUSDT,BCHUSDT,XLMUSDT
2021-03,BTCUSDT,ETHUSDT,BNBUSDT,XRPUSDT,ADAUSDT,DOGEUSDT,DOTUSDT,LTCUSDT,LINKUSDT,EOSUSDT
2021-04,BTCUSDT,ETHUSDT,BNBUSDT,ADAUSDT,CHZUSDT,XRPUSDT,DOTUSDT,LTCUSDT,FILUSDT,ENJUSDT
2021-05,BTCUSDT,BNBUSDT,DOGEUSDT,ETHUSDT,XRPUSDT,ADAUSDT,WINUSDT,BTTUSDT,TRXUSDT,CHZUSDT
2021-06,BTCUSDT,ETHUSDT,DOGEUSDT,BNBUSDT,XRPUSDT,ADAUSDT,MATICUSDT,ETCUSDT,DOTUSDT,EOSUSDT
2021-07,BTCUSDT,ETHUSDT,BNBUSDT,DOGEUSDT,ADAUSDT,MATICUSDT,XRPUSDT,DOTUSDT,SOLUSDT,SHIBUSDT
2021-08,BTCUSDT,ETHUSDT,BNBUSDT,DOGEUSDT,ADAUSDT,AXSUSDT,XRPUSDT,MATICUSDT,DOTUSDT,LINKUSDT
2021-09,BTCUSDT,ETHUSDT,ADAUSDT,DOGEUSDT,BNBUSDT,XRPUSDT,SOLUSDT,DOTUSDT,AXSUSDT,MATICUSDT
2021-10,BTCUSDT,ETHUSDT,SOLUSDT,ADAUSDT,DOTUSDT,AVAXUSDT,BNBUSDT,XRPUSDT,FTMUSDT,FILUSDT
2021-11,BTCUSDT,ETHUSDT,SHIBUSDT,DOGEUSDT,SOLUSDT,BNBUSDT,DOTUSDT,XRPUSDT,ADAUSDT,FTMUSDT
2021-12,BTCUSDT,SHIBUSDT,ETHUSDT,BNBUSDT,MANAUSDT,SANDUSDT,SOLUSDT,DOTUSDT,XRPUSDT,AVAXUSDT
2022-01,BTCUSDT,ETHUSDT,BNBUSDT,MATICUSDT,SANDUSDT,LUNAUSDT,SHIBUSDT,SOLUSDT,XRPUSDT,GALAUSDT
2022-02,BTCUSDT,ETHUSDT,FTMUSDT,BNBUSDT,LUNAUSDT,SOLUSDT,ADAUSDT,ATOMUSDT,DOTUSDT,LINKUSDT
2022-03,BTCUSDT,ETHUSDT,SHIBUSDT,XRPUSDT,LUNAUSDT,BNBUSDT,SOLUSDT,GALAUSDT,AVAXUSDT,SANDUSDT
2022-04,BTCUSDT,ETHUSDT,LUNAUSDT,SOLUSDT,XRPUSDT,BNBUSDT,AVAXUSDT,FTMUSDT,SHIBUSDT,GALAUSDT
2022-05,BTCUSDT,GMTUSDT,ETHUSDT,APEUSDT,LUNAUSDT,SOLUSDT,DOGEUSDT,NEARUSDT,BNBUSDT,ZILUSDT
2022-06,BTCUSDT,ETHUSDT,GMTUSDT,BNBUSDT,APEUSDT,SOLUSDT,TRXUSDT,XRPUSDT,ADAUSDT,AVAXUSDT
2022-07,BTCUSDT,ETHUSDT,SOLUSDT,BNBUSDT,ADAUSDT,TRXUSDT,XRPUSDT,GMTUSDT,AVAXUSDT,DOGEUSDT
2022-08,BTCUSDT,ETHUSDT,SOLUSDT,BNBUSDT,MATICUSDT,ADAUSDT,XRPUSDT,GMTUSDT,AVAXUSDT,APEUSDT
2022-09,BTCUSDT,ETHUSDT,BNBUSDT,ETCUSDT,SOLUSDT,SHIBUSDT,ADAUSDT,DOGEUSDT,XRPUSDT,MATICUSDT
2022-10,BTCUSDT,ETHUSDT,XRPUSDT,BNBUSDT,ETCUSDT,SOLUSDT,ADAUSDT,CHZUSDT,ATOMUSDT,SHIBUSDT
2022-11,BTCUSDT,ETHUSDT,XRPUSDT,DOGEUSDT,BNBUSDT,SOLUSDT,SHIBUSDT,MATICUSDT,LUNCUSDT,ADAUSDT
2022-12,BTCUSDT,ETHUSDT,DOGEUSDT,BNBUSDT,XRPUSDT,SOLUSDT,MATICUSDT,CHZUSDT,LTCUSDT,LINKUSDT
2023-01,BTCUSDT,ETHUSDT,DOGEUSDT,BNBUSDT,XRPUSDT,LTCUSDT,MATICUSDT,SOLUSDT,LINKUSDT,ADAUSDT
2023-02,BTCUSDT,ETHUSDT,SOLUSDT,XRPUSDT,APTUSDT,DOGEUSDT,BNBUSDT,MATICUSDT,GALAUSDT,LTCUSDT
2023-03,BTCUSDT,ETHUSDT,MATICUSDT,BNBUSDT,APTUSDT,DOGEUSDT,XRPUSDT,SOLUSDT,FTMUSDT,OPUSDT
2023-04,BTCUSDT,ETHUSDT,XRPUSDT,BNBUSDT,MATICUSDT,CFXUSDT,SOLUSDT,LTCUSDT,APTUSDT,FTMUSDT
2023-05,BTCUSDT,ETHUSDT,DOGEUSDT,BNBUSDT,XRPUSDT,SOLUSDT,MATICUSDT,CFXUSDT,LTCUSDT,ADAUSDT
2023-06,BTCUSDT,ETHUSDT,XRPUSDT,BNBUSDT,ARBUSDT,LTCUSDT,SOLUSDT,MATICUSDT,DOGEUSDT,CFXUSDT
2023-07,BTCUSDT,ETHUSDT,BNBUSDT,XRPUSDT,LTCUSDT,ARBUSDT,SOLUSDT,MATICUSDT,SUIUSDT,DOGEUSDT
2023-08,BTCUSDT,ETHUSDT,XRPUSDT,SOLUSDT,BNBUSDT,LTCUSDT,DOGEUSDT,ARBUSDT,MATICUSDT,BCHUSDT
2023-09,BTCUSDT,ETHUSDT,XRPUSDT,BNBUSDT,SOLUSDT,DOGEUSDT,SHIBUSDT,LTCUSDT,MATICUSDT,OPUSDT
2023-10,BTCUSDT,ETHUSDT,XRPUSDT,BNBUSDT,CYBERUSDT,SOLUSDT,WLDUSDT,LTCUSDT,ARBUSDT,LINKUSDT
2023-11,BTCUSDT,ETHUSDT,XRPUSDT,SOLUSDT,BNBUSDT,LINKUSDT,DOGEUSDT,LOOMUSDT,MATICUSDT,ARBUSDT
2023-12,BTCUSDT,ETHUSDT,SOLUSDT,XRPUSDT,BNBUSDT,LINKUSDT,DOGEUSDT,AVAXUSDT,MATICUSDT,GASUSDT
2024-01,BTCUSDT,ETHUSDT,SOLUSDT,ORDIUSDT,AVAXUSDT,BNBUSDT,XRPUSDT,DOGEUSDT,ADAUSDT,MATICUSDT
2024-02,BTCUSDT,ETHUSDT,SOLUSDT,ARBUSDT,BNBUSDT,ORDIUSDT,XRPUSDT,SEIUSDT,SUIUSDT,TIAUSDT
2024-03,BTCUSDT,ETHUSDT,SOLUSDT,BNBUSDT,XRPUSDT,DOGEUSDT,LINKUSDT,SUIUSDT,ORDIUSDT,ARBUSDT
2024-04,BTCUSDT,ETHUSDT,SOLUSDT,SHIBUSDT,BNBUSDT,DOGEUSDT,PEPEUSDT,FLOKIUSDT,XRPUSDT,AVAXUSDT
2024-05,BTCUSDT,ETHUSDT,SOLUSDT,DOGEUSDT,BNBUSDT,PEPEUSDT,SHIBUSDT,WIFUSDT,BOMEUSDT,XRPUSDT
2024-06,BTCUSDT,ETHUSDT,SOLUSDT,PEPEUSDT,DOGEUSDT,WIFUSDT,SHIBUSDT,BNBUSDT,BONKUSDT,BOMEUSDT
2024-07,BTCUSDT,ETHUSDT,NOTUSDT,SOLUSDT,PEPEUSDT,BNBUSDT,WIFUSDT,PEOPLEUSDT,FLOKIUSDT,DOGEUSDT
2024-08,BTCUSDT,ETHUSDT,SOLUSDT,PEPEUSDT,XRPUSDT,WIFUSDT,BNBUSDT,DOGEUSDT,BONKUSDT,NOTUSDT
2024-09,BTCUSDT,ETHUSDT,SOLUSDT,XRPUSDT,PEPEUSDT,BNBUSDT,WIFUSDT,1000SATSUSDT,DOGEUSDT,FLOKIUSDT
2024-10,BTCUSDT,ETHUSDT,SOLUSDT,BNBUSDT,PEPEUSDT,SUIUSDT,WIFUSDT,XRPUSDT,DOGEUSDT,1000SATSUSDT
2024-11,BTCUSDT,ETHUSDT,SOLUSDT,PEPEUSDT,NEIROUSDT,DOGEUSDT,SUIUSDT,BNBUSDT,WIFUSDT,XRPUSDT
2024-12,BTCUSDT,ETHUSDT,DOGEUSDT,SOLUSDT,XRPUSDT,PEPEUSDT,BNBUSDT,SHIBUSDT,SUIUSDT,ADAUSDT
2025-01,BTCUSDT,ETHUSDT,XRPUSDT,DOGEUSDT,SOLUSDT,PEPEUSDT,BNBUSDT,SUIUSDT,TRXUSDT,SHIBUSDT
2025-02,BTCUSDT,ETHUSDT,SOLUSDT,XRPUSDT,DOGEUSDT,SUIUSDT,PEPEUSDT,BNBUSDT,ADAUSDT,HBARUSDT
2025-03,BTCUSDT,ETHUSDT,XRPUSDT,SOLUSDT,DOGEUSDT,BNBUSDT,SUIUSDT,LTCUSDT,PEPEUSDT,ADAUSDT
2025-04,BTCUSDT,ETHUSDT,XRPUSDT,SOLUSDT,BNBUSDT,ADAUSDT,DOGEUSDT,TRUMPUSDT,SUIUSDT,PEPEUSDT
2025-05,BTCUSDT,ETHUSDT,SOLUSDT,XRPUSDT,DOGEUSDT,SUIUSDT,BNBUSDT,PEPEUSDT,TRUMPUSDT,ADAUSDT
2025-06,BTCUSDT,ETHUSDT,SOLUSDT,XRPUSDT,PEPEUSDT,DOGEUSDT,SUIUSDT,BNBUSDT,TRUMPUSDT,ADAUSDT
2025-07,BTCUSDT,ETHUSDT,SOLUSDT,XRPUSDT,DOGEUSDT,PEPEUSDT,BNBUSDT,SUIUSDT,ADAUSDT,UNIUSDT
2025-08,ETHUSDT,BTCUSDT,XRPUSDT,SOLUSDT,DOGEUSDT,BNBUSDT,PEPEUSDT,SUIUSDT,BONKUSDT,PENGUUSDT
2025-09,ETHUSDT,BTCUSDT,SOLUSDT,XRPUSDT,DOGEUSDT,BNBUSDT,ADAUSDT,ENAUSDT,SUIUSDT,LINKUSDT
2025-10,ETHUSDT,BTCUSDT,SOLUSDT,DOGEUSDT,XRPUSDT,BNBUSDT,SUIUSDT,AVAXUSDT,ENAUSDT,WLDUSDT
2025-11,BTCUSDT,ETHUSDT,SOLUSDT,BNBUSDT,XRPUSDT,DOGEUSDT,SUIUSDT,ZECUSDT,ADAUSDT,LTCUSDT
2025-12,BTCUSDT,ETHUSDT,SOLUSDT,ZECUSDT,BNBUSDT,XRPUSDT,DOGEUSDT,ASTERUSDT,SUIUSDT,ICPUSDT
2026-01,BTCUSDT,ETHUSDT,SOLUSDT,BNBUSDT,XRPUSDT,ZECUSDT,DOGEUSDT,SUIUSDT,ADAUSDT,ASTERUSDT
2026-02,BTCUSDT,ETHUSDT,SOLUSDT,XRPUSDT,BNBUSDT,DOGEUSDT,ZECUSDT,SUIUSDT,PEPEUSDT,LTCUSDT
2026-03,BTCUSDT,ETHUSDT,SOLUSDT,XRPUSDT,BNBUSDT,DOGEUSDT,ZECUSDT,SUIUSDT,ADAUSDT,LTCUSDT
2026-04,BTCUSDT,ETHUSDT,SOLUSDT,XRPUSDT,BNBUSDT,DOGEUSDT,TAOUSDT,ZECUSDT,SUIUSDT,ADAUSDT
2026-05,BTCUSDT,ETHUSDT,SOLUSDT,XRPUSDT,DOGEUSDT,BNBUSDT,ZECUSDT,TAOUSDT,币安人生USDT,SUIUSDT
2026-06,BTCUSDT,ETHUSDT,SOLUSDT,BNBUSDT,XRPUSDT,DOGEUSDT,ZECUSDT,SUIUSDT,NEARUSDT,TONUSDT
