,0,1,2,3,4,5,6,7,8,9,10,11,12,13,14
2020-01,BTCUSDT,ETHUSDT,BNBUSDT,MATICUSDT,XRPUSDT,TRXUSDT,EOSUSDT,LTCUSDT,VETUSDT,LINKUSDT,BTTUSDT,ETCUSDT,ATOMUSDT,XTZUSDT,WINUSDT
2020-02,BTCUSDT,ETHUSDT,BCHUSDT,ETCUSDT,EOSUSDT,XRPUSDT,LTCUSDT,BNBUSDT,TRXUSDT,DASHUSDT,LINKUSDT,ADAUSDT,ZECUSDT,XLMUSDT,BTTUSDT
2020-03,BTCUSDT,ETHUSDT,BCHUSDT,XRPUSDT,BNBUSDT,EOSUSDT,LTCUSDT,ETCUSDT,LINKUSDT,TRXUSDT,ADAUSDT,XTZUSDT,XLMUSDT,DASHUSDT,ZECUSDT
2020-04,BTCUSDT,ETHUSDT,BCHUSDT,LINKUSDT,BNBUSDT,XRPUSDT,EOSUSDT,LTCUSDT,XTZUSDT,ETCUSDT,BEARUSDT,TRXUSDT,ADAUSDT,DASHUSDT,BULLUSDT
2020-05,BTCUSDT,ETHUSDT,BNBUSDT,LINKUSDT,BCHUSDT,XRPUSDT,EOSUSDT,LTCUSDT,XTZUSDT,ETCUSDT,DASHUSDT,ADAUSDT,TRXUSDT,XLMUSDT,ZECUSDT
2020-06,BTCUSDT,ETHUSDT,BNBUSDT,BCHUSDT,XRPUSDT,LINKUSDT,EOSUSDT,LTCUSDT,ADAUSDT,ETCUSDT,XTZUSDT,TRXUSDT,XLMUSDT,MATICUSDT,VETUSDT
2020-07,BTCUSDT,ETHUSDT,BNBUSDT,ADAUSDT,BCHUSDT,VETUSDT,XRPUSDT,EOSUSDT,LINKUSDT,LTCUSDT,ZILUSDT,TRXUSDT,XTZUSDT,XLMUSDT,ONTUSDT
2020-08,BTCUSDT,ETHUSDT,LINKUSDT,ADAUSDT,BNBUSDT,XRPUSDT,VETUSDT,BCHUSDT,XLMUSDT,EOSUSDT,XTZUSDT,LTCUSDT,TRXUSDT,ETCUSDT,ONTUSDT
2020-09,BTCUSDT,ETHUSDT,LINKUSDT,XRPUSDT,BNBUSDT,EOSUSDT,BCHUSDT,LTCUSDT,XTZUSDT,ADAUSDT,BANDUSDT,TRXUSDT,VETUSDT,ZECUSDT,ATOMUSDT
2020-10,BTCUSDT,ETHUSDT,LINKUSDT,BNBUSDT,TRXUSDT,XRPUSDT,YFIUSDT,EOSUSDT,SXPUSDT,BCHUSDT,ADAUSDT,LTCUSDT,VETUSDT,NEOUSDT,BANDUSDT
2020-11,BTCUSDT,ETHUSDT,BNBUSDT,LINKUSDT,BCHUSDT,YFIUSDT,XRPUSDT,LTCUSDT,UNIUSDT,ADAUSDT,DOTUSDT,TRXUSDT,EOSUSDT,YFIIUSDT,SXPUSDT
2020-12,BTCUSDT,ETHUSDT,XRPUSDT,LINKUSDT,YFIUSDT,LTCUSDT,BNBUSDT,BCHUSDT,ADAUSDT,EOSUSDT,XLMUSDT,UNIUSDT,TRXUSDT,DOTUSDT,SXPUSDT
2021-01,BTCUSDT,ETHUSDT,XRPUSDT,LTCUSDT,BCHUSDT,BNBUSDT,LINKUSDT,ADAUSDT,XLMUSDT,DOTUSDT,EOSUSDT,YFIUSDT,TRXUSDT,SUSHIUSDT,ZILUSDT
2021-02,BTCUSDT,ETHUSDT,XRPUSDT,LTCUSDT,DOTUSDT,LINKUSDT,ADAUSDT,BNBUSDT,BCHUSDT,XLMUSDT,DOGEUSDT,EOSUSDT,TRXUSDT,UNIUSDT,YFIUSDT
2021-03,BTCUSDT,ETHUSDT,BNBUSDT,XRPUSDT,ADAUSDT,DOGEUSDT,DOTUSDT,LTCUSDT,LINKUSDT,EOSUSDT,XLMUSDT,BCHUSDT,GRTUSDT,UNIUSDT,SXPUSDT
2021-04,BTCUSDT,ETHUSDT,BNBUSDT,ADAUSDT,CHZUSDT,XRPUSDT,DOTUSDT,LTCUSDT,FILUSDT,ENJUSDT,THETAUSDT,BTTUSDT,VETUSDT,TRXUSDT,HOTUSDT
2021-05,BTCUSDT,BNBUSDT,DOGEUSDT,ETHUSDT,XRPUSDT,ADAUSDT,WINUSDT,BTTUSDT,TRXUSDT,CHZUSDT,VETUSDT,DOTUSDT,LTCUSDT,HOTUSDT,FILUSDT
2021-06,BTCUSDT,ETHUSDT,DOGEUSDT,BNBUSDT,XRPUSDT,ADAUSDT,MATICUSDT,ETCUSDT,DOTUSDT,EOSUSDT,LTCUSDT,LINKUSDT,VETUSDT,BCHUSDT,TRXUSDT
2021-07,BTCUSDT,ETHUSDT,BNBUSDT,DOGEUSDT,ADAUSDT,MATICUSDT,XRPUSDT,DOTUSDT,SOLUSDT,SHIBUSDT,LINKUSDT,FILUSDT,VETUSDT,THETAUSDT,LTCUSDT
2021-08,BTCUSDT,ETHUSDT,BNBUSDT,DOGEUSDT,ADAUSDT,AXSUSDT,XRPUSDT,MATICUSDT,DOTUSDT,LINKUSDT,THETAUSDT,ETCUSDT,SOLUSDT,EOSUSDT,ALICEUSDT
2021-09,BTCUSDT,ETHUSDT,ADAUSDT,DOGEUSDT,BNBUSDT,XRPUSDT,SOLUSDT,DOTUSDT,AXSUSDT,MATICUSDT,LUNAUSDT,ALICEUSDT,ICPUSDT,LINKUSDT,FILUSDT
2021-10,BTCUSDT,ETHUSDT,SOLUSDT,ADAUSDT,DOTUSDT,AVAXUSDT,BNBUSDT,XRPUSDT,FTMUSDT,FILUSDT,LUNAUSDT,ATOMUSDT,FTTUSDT,DOGEUSDT,LINKUSDT
2021-11,BTCUSDT,ETHUSDT,SHIBUSDT,DOGEUSDT,SOLUSDT,BNBUSDT,DOTUSDT,XRPUSDT,ADAUSDT,FTMUSDT,AXSUSDT,FILUSDT,MATICUSDT,AVAXUSDT,LUNAUSDT
2021-12,BTCUSDT,SHIBUSDT,ETHUSDT,BNBUSDT,MANAUSDT,SANDUSDT,SOLUSDT,DOTUSDT,XRPUSDT,AVAXUSDT,ADAUSDT,DOGEUSDT,TRXUSDT,LRCUSDT,GALAUSDT
2022-01,BTCUSDT,ETHUSDT,BNBUSDT,MATICUSDT,SANDUSDT,LUNAUSDT,SHIBUSDT,SOLUSDT,XRPUSDT,GALAUSDT,AVAXUSDT,DOTUSDT,DOGEUSDT,MANAUSDT,ADAUSDT
2022-02,BTCUSDT,ETHUSDT,FTMUSDT,BNBUSDT,LUNAUSDT,SOLUSDT,ADAUSDT,ATOMUSDT,DOTUSDT,LINKUSDT,MATICUSDT,SANDUSDT,SHIBUSDT,XRPUSDT,NEARUSDT
2022-03,BTCUSDT,ETHUSDT,SHIBUSDT,XRPUSDT,LUNAUSDT,BNBUSDT,SOLUSDT,GALAUSDT,AVAXUSDT,SANDUSDT,FTMUSDT,SLPUSDT,ADAUSDT,DOTUSDT,MANAUSDT
2022-04,BTCUSDT,ETHUSDT,LUNAUSDT,SOLUSDT,XRPUSDT,BNBUSDT,AVAXUSDT,FTMUSDT,SHIBUSDT,GALAUSDT,ADAUSDT,WAVESUSDT,DOTUSDT,SANDUSDT,NEARUSDT
2022-05,BTCUSDT,GMTUSDT,ETHUSDT,APEUSDT,LUNAUSDT,SOLUSDT,DOGEUSDT,NEARUSDT,BNBUSDT,ZILUSDT,SHIBUSDT,XRPUSDT,AVAXUSDT,FTMUSDT,ADAUSDT
2022-06,BTCUSDT,ETHUSDT,GMTUSDT,BNBUSDT,APEUSDT,SOLUSDT,TRXUSDT,XRPUSDT,ADAUSDT,AVAXUSDT,NEARUSDT,FTMUSDT,SHIBUSDT,DOTUSDT,GALAUSDT
2022-07,BTCUSDT,ETHUSDT,SOLUSDT,BNBUSDT,ADAUSDT,TRXUSDT,XRPUSDT,GMTUSDT,AVAXUSDT,DOGEUSDT,SHIBUSDT,APEUSDT,GALAUSDT,LINKUSDT,MATICUSDT
2022-08,BTCUSDT,ETHUSDT,SOLUSDT,BNBUSDT,MATICUSDT,ADAUSDT,XRPUSDT,GMTUSDT,AVAXUSDT,APEUSDT,ETCUSDT,SHIBUSDT,DOGEUSDT,SANDUSDT,DOTUSDT
2022-09,BTCUSDT,ETHUSDT,BNBUSDT,ETCUSDT,SOLUSDT,SHIBUSDT,ADAUSDT,DOGEUSDT,XRPUSDT,MATICUSDT,AVAXUSDT,CHZUSDT,NEARUSDT,OPUSDT,APEUSDT
2022-10,BTCUSDT,ETHUSDT,XRPUSDT,BNBUSDT,ETCUSDT,SOLUSDT,ADAUSDT,CHZUSDT,ATOMUSDT,SHIBUSDT,MATICUSDT,LINKUSDT,APEUSDT,DOGEUSDT,NEARUSDT
2022-11,BTCUSDT,ETHUSDT,XRPUSDT,DOGEUSDT,BNBUSDT,SOLUSDT,SHIBUSDT,MATICUSDT,LUNCUSDT,ADAUSDT,CHZUSDT,TRXUSDT,ATOMUSDT,LINKUSDT,ETCUSDT
2022-12,BTCUSDT,ETHUSDT,DOGEUSDT,BNBUSDT,XRPUSDT,SOLUSDT,MATICUSDT,CHZUSDT,LTCUSDT,LINKUSDT,ADAUSDT,SHIBUSDT,MASKUSDT,TRXUSDT,ATOMUSDT
2023-01,BTCUSDT,ETHUSDT,DOGEUSDT,BNBUSDT,XRPUSDT,LTCUSDT,MATICUSDT,SOLUSDT,LINKUSDT,ADAUSDT,TRXUSDT,SHIBUSDT,APEUSDT,TWTUSDT,APTUSDT
2023-02,BTCUSDT,ETHUSDT,SOLUSDT,XRPUSDT,APTUSDT,DOGEUSDT,BNBUSDT,MATICUSDT,GALAUSDT,LTCUSDT,SHIBUSDT,OPUSDT,AVAXUSDT,ADAUSDT,FTMUSDT
2023-03,BTCUSDT,ETHUSDT,MATICUSDT,BNBUSDT,APTUSDT,DOGEUSDT,XRPUSDT,SOLUSDT,FTMUSDT,OPUSDT,FILUSDT,SHIBUSDT,LDOUSDT,DYDXUSDT,LTCUSDT
2023-04,BTCUSDT,ETHUSDT,XRPUSDT,BNBUSDT,MATICUSDT,CFXUSDT,SOLUSDT,LTCUSDT,APTUSDT,FTMUSDT,DOGEUSDT,FILUSDT,OPUSDT,ADAUSDT,MAGICUSDT
2023-05,BTCUSDT,ETHUSDT,DOGEUSDT,BNBUSDT,XRPUSDT,SOLUSDT,MATICUSDT,CFXUSDT,LTCUSDT,ADAUSDT,APTUSDT,FTMUSDT,INJUSDT,GALAUSDT,SHIBUSDT
2023-06,BTCUSDT,ETHUSDT,XRPUSDT,BNBUSDT,ARBUSDT,LTCUSDT,SOLUSDT,MATICUSDT,DOGEUSDT,CFXUSDT,RNDRUSDT,ADAUSDT,FTMUSDT,TRXUSDT,APTUSDT
2023-07,BTCUSDT,ETHUSDT,BNBUSDT,XRPUSDT,LTCUSDT,ARBUSDT,SOLUSDT,MATICUSDT,SUIUSDT,DOGEUSDT,ADAUSDT,LINAUSDT,PEPEUSDT,OPUSDT,APTUSDT
2023-08,BTCUSDT,ETHUSDT,XRPUSDT,SOLUSDT,BNBUSDT,LTCUSDT,DOGEUSDT,ARBUSDT,MATICUSDT,BCHUSDT,ADAUSDT,LINKUSDT,OPUSDT,COMPUSDT,TRXUSDT
2023-09,BTCUSDT,ETHUSDT,XRPUSDT,BNBUSDT,SOLUSDT,DOGEUSDT,SHIBUSDT,LTCUSDT,MATICUSDT,OPUSDT,ARBUSDT,LINKUSDT,SUIUSDT,YGGUSDT,BCHUSDT
2023-10,BTCUSDT,ETHUSDT,XRPUSDT,BNBUSDT,CYBERUSDT,SOLUSDT,WLDUSDT,LTCUSDT,ARBUSDT,LINKUSDT,DOGEUSDT,HIFIUSDT,MATICUSDT,TRBUSDT,TRXUSDT
2023-11,BTCUSDT,ETHUSDT,XRPUSDT,SOLUSDT,BNBUSDT,LINKUSDT,DOGEUSDT,LOOMUSDT,MATICUSDT,ARBUSDT,TRBUSDT,LTCUSDT,TRXUSDT,RUNEUSDT,AVAXUSDT
2023-12,BTCUSDT,ETHUSDT,SOLUSDT,XRPUSDT,BNBUSDT,LINKUSDT,DOGEUSDT,AVAXUSDT,MATICUSDT,GASUSDT,RUNEUSDT,ARBUSDT,FTTUSDT,DYDXUSDT,ADAUSDT
2024-01,BTCUSDT,ETHUSDT,SOLUSDT,ORDIUSDT,AVAXUSDT,BNBUSDT,XRPUSDT,DOGEUSDT,ADAUSDT,MATICUSDT,TIAUSDT,ARBUSDT,LUNCUSDT,INJUSDT,OPUSDT
2024-02,BTCUSDT,ETHUSDT,SOLUSDT,ARBUSDT,BNBUSDT,ORDIUSDT,XRPUSDT,SEIUSDT,SUIUSDT,TIAUSDT,OPUSDT,AVAXUSDT,MATICUSDT,LINKUSDT,INJUSDT
2024-03,BTCUSDT,ETHUSDT,SOLUSDT,BNBUSDT,XRPUSDT,DOGEUSDT,LINKUSDT,SUIUSDT,ORDIUSDT,ARBUSDT,WLDUSDT,FILUSDT,SEIUSDT,MATICUSDT,ADAUSDT
2024-04,BTCUSDT,ETHUSDT,SOLUSDT,SHIBUSDT,BNBUSDT,DOGEUSDT,PEPEUSDT,FLOKIUSDT,XRPUSDT,AVAXUSDT,WLDUSDT,ARBUSDT,NEARUSDT,FETUSDT,ORDIUSDT
2024-05,BTCUSDT,ETHUSDT,SOLUSDT,DOGEUSDT,BNBUSDT,PEPEUSDT,SHIBUSDT,WIFUSDT,BOMEUSDT,XRPUSDT,ORDIUSDT,NEARUSDT,WLDUSDT,BCHUSDT,FETUSDT
2024-06,BTCUSDT,ETHUSDT,SOLUSDT,PEPEUSDT,DOGEUSDT,WIFUSDT,SHIBUSDT,BNBUSDT,BONKUSDT,BOMEUSDT,FLOKIUSDT,XRPUSDT,RNDRUSDT,ENAUSDT,ARBUSDT
2024-07,BTCUSDT,ETHUSDT,NOTUSDT,SOLUSDT,PEPEUSDT,BNBUSDT,WIFUSDT,PEOPLEUSDT,FLOKIUSDT,DOGEUSDT,SHIBUSDT,XRPUSDT,BONKUSDT,ORDIUSDT,BOMEUSDT
2024-08,BTCUSDT,ETHUSDT,SOLUSDT,PEPEUSDT,XRPUSDT,WIFUSDT,BNBUSDT,DOGEUSDT,BONKUSDT,NOTUSDT,SHIBUSDT,FLOKIUSDT,1000SATSUSDT,BOMEUSDT,WLDUSDT
2024-09,BTCUSDT,ETHUSDT,SOLUSDT,XRPUSDT,PEPEUSDT,BNBUSDT,WIFUSDT,1000SATSUSDT,DOGEUSDT,FLOKIUSDT,NOTUSDT,BOMEUSDT,TRXUSDT,SHIBUSDT,SUIUSDT
2024-10,BTCUSDT,ETHUSDT,SOLUSDT,BNBUSDT,PEPEUSDT,SUIUSDT,WIFUSDT,XRPUSDT,DOGEUSDT,1000SATSUSDT,FETUSDT,SHIBUSDT,NEARUSDT,FLOKIUSDT,AVAXUSDT
2024-11,BTCUSDT,ETHUSDT,SOLUSDT,PEPEUSDT,NEIROUSDT,DOGEUSDT,SUIUSDT,BNBUSDT,WIFUSDT,XRPUSDT,SHIBUSDT,WLDUSDT,BOMEUSDT,APTUSDT,FETUSDT
2024-12,BTCUSDT,ETHUSDT,DOGEUSDT,SOLUSDT,XRPUSDT,PEPEUSDT,BNBUSDT,SHIBUSDT,SUIUSDT,ADAUSDT,NEIROUSDT,WIFUSDT,BONKUSDT,FLOKIUSDT,AVAXUSDT
2025-01,BTCUSDT,ETHUSDT,XRPUSDT,DOGEUSDT,SOLUSDT,PEPEUSDT,BNBUSDT,SUIUSDT,TRXUSDT,SHIBUSDT,HBARUSDT,ADAUSDT,LINKUSDT,PNUTUSDT,AVAXUSDT
2025-02,BTCUSDT,ETHUSDT,SOLUSDT,XRPUSDT,DOGEUSDT,SUIUSDT,PEPEUSDT,BNBUSDT,ADAUSDT,HBARUSDT,ENAUSDT,LINKUSDT,TRXUSDT,LTCUSDT,WIFUSDT
2025-03,BTCUSDT,ETHUSDT,XRPUSDT,SOLUSDT,DOGEUSDT,BNBUSDT,SUIUSDT,LTCUSDT,PEPEUSDT,ADAUSDT,HBARUSDT,RUNEUSDT,OMUSDT,ENAUSDT,LINKUSDT
2025-04,BTCUSDT,ETHUSDT,XRPUSDT,SOLUSDT,BNBUSDT,ADAUSDT,DOGEUSDT,TRUMPUSDT,SUIUSDT,PEPEUSDT,LTCUSDT,TRXUSDT,HBARUSDT,LINKUSDT,ENAUSDT
2025-05,BTCUSDT,ETHUSDT,SOLUSDT,XRPUSDT,DOGEUSDT,SUIUSDT,BNBUSDT,PEPEUSDT,TRUMPUSDT,ADAUSDT,OMUSDT,TRXUSDT,LTCUSDT,EOSUSDT,AVAXUSDT
2025-06,BTCUSDT,ETHUSDT,SOLUSDT,XRPUSDT,PEPEUSDT,DOGEUSDT,SUIUSDT,BNBUSDT,TRUMPUSDT,ADAUSDT,WIFUSDT,ENAUSDT,VIRTUALUSDT,PNUTUSDT,LTCUSDT
2025-07,BTCUSDT,ETHUSDT,SOLUSDT,XRPUSDT,DOGEUSDT,PEPEUSDT,BNBUSDT,SUIUSDT,ADAUSDT,UNIUSDT,AAVEUSDT,ENAUSDT,WIFUSDT,TRXUSDT,VIRTUALUSDT
2025-08,ETHUSDT,BTCUSDT,XRPUSDT,SOLUSDT,DOGEUSDT,BNBUSDT,PEPEUSDT,SUIUSDT,BONKUSDT,PENGUUSDT,ENAUSDT,ADAUSDT,UNIUSDT,LTCUSDT,HBARUSDT
2025-09,ETHUSDT,BTCUSDT,SOLUSDT,XRPUSDT,DOGEUSDT,BNBUSDT,ADAUSDT,ENAUSDT,SUIUSDT,LINKUSDT,PEPEUSDT,PENGUUSDT,LTCUSDT,UNIUSDT,BONKUSDT
2025-10,ETHUSDT,BTCUSDT,SOLUSDT,DOGEUSDT,XRPUSDT,BNBUSDT,SUIUSDT,AVAXUSDT,ENAUSDT,WLDUSDT,ADAUSDT,PEPEUSDT,PENGUUSDT,LTCUSDT,LINKUSDT
2025-11,BTCUSDT,ETHUSDT,SOLUSDT,BNBUSDT,XRPUSDT,DOGEUSDT,SUIUSDT,ZECUSDT,ADAUSDT,LTCUSDT,LINKUSDT,AVAXUSDT,ENAUSDT,PUMPUSDT,TAOUSDT
2025-12,BTCUSDT,ETHUSDT,SOLUSDT,ZECUSDT,BNBUSDT,XRPUSDT,DOGEUSDT,ASTERUSDT,SUIUSDT,ICPUSDT,LTCUSDT,DASHUSDT,UNIUSDT,ADAUSDT,ZENUSDT
2026-01,BTCUSDT,ETHUSDT,SOLUSDT,BNBUSDT,XRPUSDT,ZECUSDT,DOGEUSDT,SUIUSDT,ADAUSDT,ASTERUSDT,TRXUSDT,BCHUSDT,LTCUSDT,AVAXUSDT,LINKUSDT
2026-02,BTCUSDT,ETHUSDT,SOLUSDT,XRPUSDT,BNBUSDT,DOGEUSDT,ZECUSDT,SUIUSDT,PEPEUSDT,LTCUSDT,ADAUSDT,DASHUSDT,BCHUSDT,TRXUSDT,PUMPUSDT
2026-03,BTCUSDT,ETHUSDT,SOLUSDT,XRPUSDT,BNBUSDT,DOGEUSDT,ZECUSDT,SUIUSDT,ADAUSDT,LTCUSDT,PEPEUSDT,TRXUSDT,ASTERUSDT,BCHUSDT,WLFIUSDT
2026-04,BTCUSDT,ETHUSDT,SOLUSDT,XRPUSDT,BNBUSDT,DOGEUSDT,TAOUSDT,ZECUSDT,SUIUSDT,ADAUSDT,TRXUSDT,PEPEUSDT,NEARUSDT,LTCUSDT,TRUMPUSDT
2026-05,BTCUSDT,ETHUSDT,SOLUSDT,XRPUSDT,DOGEUSDT,BNBUSDT,ZECUSDT,TAOUSDT,币安人生USDT,SUIUSDT,PEPEUSDT,ADAUSDT,TONUSDT,STOUSDT,TRXUSDT
2026-06,BTCUSDT,ETHUSDT,SOLUSDT,BNBUSDT,XRPUSDT,DOGEUSDT,ZECUSDT,SUIUSDT,NEARUSDT,TONUSDT,TAOUSDT,XLMUSDT,ONDOUSDT,TRXUSDT,WLDUSDT
