,0,1,2,3,4,5,6,7
2020-01,BTCUSDT,ETHUSDT,BNBUSDT,MATICUSDT,XRPUSDT,TRXUSDT,EOSUSDT,LTCUSDT
2020-02,BTCUSDT,ETHUSDT,BCHUSDT,ETCUSDT,EOSUSDT,XRPUSDT,LTCUSDT,BNBUSDT
2020-03,BTCUSDT,ETHUSDT,BCHUSDT,XRPUSDT,BNBUSDT,EOSUSDT,LTCUSDT,ETCUSDT
2020-04,BTCUSDT,ETHUSDT,BCHUSDT,LINKUSDT,BNBUSDT,XRPUSDT,EOSUSDT,LTCUSDT
2020-05,BTCUSDT,ETHUSDT,BNBUSDT,LINKUSDT,BCHUSDT,XRPUSDT,EOSUSDT,LTCUSDT
2020-06,BTCUSDT,ETHUSDT,BNBUSDT,BCHUSDT,XRPUSDT,LINKUSDT,EOSUSDT,LTCUSDT
2020-07,BTCUSDT,ETHUSDT,BNBUSDT,ADAUSDT,BCHUSDT,VETUSDT,XRPUSDT,EOSUSDT
2020-08,BTCUSDT,ETHUSDT,LINKUSDT,ADAUSDT,BNBUSDT,XRPUSDT,VETUSDT,BCHUSDT
2020-09,BTCUSDT,ETHUSDT,LINKUSDT,XRPUSDT,BNBUSDT,EOSUSDT,BCHUSDT,LTCUSDT
2020-10,BTCUSDT,ETHUSDT,LINKUSDT,BNBUSDT,TRXUSDT,XRPUSDT,YFIUSDT,EOSUSDT
2020-11,BTCUSDT,ETHUSDT,BNBUSDT,LINKUSDT,BCHUSDT,YFIUSDT,XRPUSDT,LTCUSDT
2020-12,BTCUSDT,ETHUSDT,XRPUSDT,LINKUSDT,YFIUSDT,LTCUSDT,BNBUSDT,BCHUSDT
2021-01,BTCUSDT,ETHUSDT,XRPUSDT,LTCUSDT,BCHUSDT,BNBUSDT,LINKUSDT,ADAUSDT
2021-02,BTCUSDT,ETHUSDT,XRPUSDT,LTCUSDT,DOTUSDT,LINKUSDT,ADAUSDT,BNBUSDT
2021-03,BTCUSDT,ETHUSDT,BNBUSDT,XRPUSDT,ADAUSDT,DOGEUSDT,DOTUSDT,LTCUSDT
2021-04,BTCUSDT,ETHUSDT,BNBUSDT,ADAUSDT,CHZUSDT,XRPUSDT,DOTUSDT,LTCUSDT
2021-05,BTCUSDT,BNBUSDT,DOGEUSDT,ETHUSDT,XRPUSDT,ADAUSDT,WINUSDT,BTTUSDT
2021-06,BTCUSDT,ETHUSDT,DOGEUSDT,BNBUSDT,XRPUSDT,ADAUSDT,MATICUSDT,ETCUSDT
2021-07,BTCUSDT,ETHUSDT,BNBUSDT,DOGEUSDT,ADAUSDT,MATICUSDT,XRPUSDT,DOTUSDT
2021-08,BTCUSDT,ETHUSDT,BNBUSDT,DOGEUSDT,ADAUSDT,AXSUSDT,XRPUSDT,MATICUSDT
2021-09,BTCUSDT,ETHUSDT,ADAUSDT,DOGEUSDT,BNBUSDT,XRPUSDT,SOLUSDT,DOTUSDT
2021-10,BTCUSDT,ETHUSDT,SOLUSDT,ADAUSDT,DOTUSDT,AVAXUSDT,BNBUSDT,XRPUSDT
2021-11,BTCUSDT,ETHUSDT,SHIBUSDT,DOGEUSDT,SOLUSDT,BNBUSDT,DOTUSDT,XRPUSDT
2021-12,BTCUSDT,SHIBUSDT,ETHUSDT,BNBUSDT,MANAUSDT,SANDUSDT,SOLUSDT,DOTUSDT
2022-01,BTCUSDT,ETHUSDT,BNBUSDT,MATICUSDT,SANDUSDT,LUNAUSDT,SHIBUSDT,SOLUSDT
2022-02,BTCUSDT,ETHUSDT,FTMUSDT,BNBUSDT,LUNAUSDT,SOLUSDT,ADAUSDT,ATOMUSDT
2022-03,BTCUSDT,ETHUSDT,SHIBUSDT,XRPUSDT,LUNAUSDT,BNBUSDT,SOLUSDT,GALAUSDT
2022-04,BTCUSDT,ETHUSDT,LUNAUSDT,SOLUSDT,XRPUSDT,BNBUSDT,AVAXUSDT,FTMUSDT
2022-05,BTCUSDT,GMTUSDT,ETHUSDT,APEUSDT,LUNAUSDT,SOLUSDT,DOGEUSDT,NEARUSDT
2022-06,BTCUSDT,ETHUSDT,GMTUSDT,BNBUSDT,APEUSDT,SOLUSDT,TRXUSDT,XRPUSDT
2022-07,BTCUSDT,ETHUSDT,SOLUSDT,BNBUSDT,ADAUSDT,TRXUSDT,XRPUSDT,GMTUSDT
2022-08,BTCUSDT,ETHUSDT,SOLUSDT,BNBUSDT,MATICUSDT,ADAUSDT,XRPUSDT,GMTUSDT
2022-09,BTCUSDT,ETHUSDT,BNBUSDT,ETCUSDT,SOLUSDT,SHIBUSDT,ADAUSDT,DOGEUSDT
2022-10,BTCUSDT,ETHUSDT,XRPUSDT,BNBUSDT,ETCUSDT,SOLUSDT,ADAUSDT,CHZUSDT
2022-11,BTCUSDT,ETHUSDT,XRPUSDT,DOGEUSDT,BNBUSDT,SOLUSDT,SHIBUSDT,MATICUSDT
2022-12,BTCUSDT,ETHUSDT,DOGEUSDT,BNBUSDT,XRPUSDT,SOLUSDT,MATICUSDT,CHZUSDT
2023-01,BTCUSDT,ETHUSDT,DOGEUSDT,BNBUSDT,XRPUSDT,LTCUSDT,MATICUSDT,SOLUSDT
2023-02,BTCUSDT,ETHUSDT,SOLUSDT,XRPUSDT,APTUSDT,DOGEUSDT,BNBUSDT,MATICUSDT
2023-03,BTCUSDT,ETHUSDT,MATICUSDT,BNBUSDT,APTUSDT,DOGEUSDT,XRPUSDT,SOLUSDT
2023-04,BTCUSDT,ETHUSDT,XRPUSDT,BNBUSDT,MATICUSDT,CFXUSDT,SOLUSDT,LTCUSDT
2023-05,BTCUSDT,ETHUSDT,DOGEUSDT,BNBUSDT,XRPUSDT,SOLUSDT,MATICUSDT,CFXUSDT
2023-06,BTCUSDT,ETHUSDT,XRPUSDT,BNBUSDT,ARBUSDT,LTCUSDT,SOLUSDT,MATICUSDT
2023-07,BTCUSDT,ETHUSDT,BNBUSDT,XRPUSDT,LTCUSDT,ARBUSDT,SOLUSDT,MATICUSDT
2023-08,BTCUSDT,ETHUSDT,XRPUSDT,SOLUSDT,BNBUSDT,LTCUSDT,DOGEUSDT,ARBUSDT
2023-09,BTCUSDT,ETHUSDT,XRPUSDT,BNBUSDT,SOLUSDT,DOGEUSDT,SHIBUSDT,LTCUSDT
2023-10,BTCUSDT,ETHUSDT,XRPUSDT,BNBUSDT,CYBERUSDT,SOLUSDT,WLDUSDT,LTCUSDT
2023-11,BTCUSDT,ETHUSDT,XRPUSDT,SOLUSDT,BNBUSDT,LINKUSDT,DOGEUSDT,LOOMUSDT
2023-12,BTCUSDT,ETHUSDT,SOLUSDT,XRPUSDT,BNBUSDT,LINKUSDT,DOGEUSDT,AVAXUSDT
2024-01,BTCUSDT,ETHUSDT,SOLUSDT,ORDIUSDT,AVAXUSDT,BNBUSDT,XRPUSDT,DOGEUSDT
2024-02,BTCUSDT,ETHUSDT,SOLUSDT,ARBUSDT,BNBUSDT,ORDIUSDT,XRPUSDT,SEIUSDT
2024-03,BTCUSDT,ETHUSDT,SOLUSDT,BNBUSDT,XRPUSDT,DOGEUSDT,LINKUSDT,SUIUSDT
2024-04,BTCUSDT,ETHUSDT,SOLUSDT,SHIBUSDT,BNBUSDT,DOGEUSDT,PEPEUSDT,FLOKIUSDT
2024-05,BTCUSDT,ETHUSDT,SOLUSDT,DOGEUSDT,BNBUSDT,PEPEUSDT,SHIBUSDT,WIFUSDT
2024-06,BTCUSDT,ETHUSDT,SOLUSDT,PEPEUSDT,DOGEUSDT,WIFUSDT,SHIBUSDT,BNBUSDT
2024-07,BTCUSDT,ETHUSDT,NOTUSDT,SOLUSDT,PEPEUSDT,BNBUSDT,WIFUSDT,PEOPLEUSDT
2024-08,BTCUSDT,ETHUSDT,SOLUSDT,PEPEUSDT,XRPUSDT,WIFUSDT,BNBUSDT,DOGEUSDT
2024-09,BTCUSDT,ETHUSDT,SOLUSDT,XRPUSDT,PEPEUSDT,BNBUSDT,WIFUSDT,1000SATSUSDT
2024-10,BTCUSDT,ETHUSDT,SOLUSDT,BNBUSDT,PEPEUSDT,SUIUSDT,WIFUSDT,XRPUSDT
2024-11,BTCUSDT,ETHUSDT,SOLUSDT,PEPEUSDT,NEIROUSDT,DOGEUSDT,SUIUSDT,BNBUSDT
2024-12,BTCUSDT,ETHUSDT,DOGEUSDT,SOLUSDT,XRPUSDT,PEPEUSDT,BNBUSDT,SHIBUSDT
2025-01,BTCUSDT,ETHUSDT,XRPUSDT,DOGEUSDT,SOLUSDT,PEPEUSDT,BNBUSDT,SUIUSDT
2025-02,BTCUSDT,ETHUSDT,SOLUSDT,XRPUSDT,DOGEUSDT,SUIUSDT,PEPEUSDT,BNBUSDT
2025-03,BTCUSDT,ETHUSDT,XRPUSDT,SOLUSDT,DOGEUSDT,BNBUSDT,SUIUSDT,LTCUSDT
2025-04,BTCUSDT,ETHUSDT,XRPUSDT,SOLUSDT,BNBUSDT,ADAUSDT,DOGEUSDT,TRUMPUSDT
2025-05,BTCUSDT,ETHUSDT,SOLUSDT,XRPUSDT,DOGEUSDT,SUIUSDT,BNBUSDT,PEPEUSDT
2025-06,BTCUSDT,ETHUSDT,SOLUSDT,XRPUSDT,PEPEUSDT,DOGEUSDT,SUIUSDT,BNBUSDT
2025-07,BTCUSDT,ETHUSDT,SOLUSDT,XRPUSDT,DOGEUSDT,PEPEUSDT,BNBUSDT,SUIUSDT
2025-08,ETHUSDT,BTCUSDT,XRPUSDT,SOLUSDT,DOGEUSDT,BNBUSDT,PEPEUSDT,SUIUSDT
2025-09,ETHUSDT,BTCUSDT,SOLUSDT,XRPUSDT,DOGEUSDT,BNBUSDT,ADAUSDT,ENAUSDT
2025-10,ETHUSDT,BTCUSDT,SOLUSDT,DOGEUSDT,XRPUSDT,BNBUSDT,SUIUSDT,AVAXUSDT
2025-11,BTCUSDT,ETHUSDT,SOLUSDT,BNBUSDT,XRPUSDT,DOGEUSDT,SUIUSDT,ZECUSDT
2025-12,BTCUSDT,ETHUSDT,SOLUSDT,ZECUSDT,BNBUSDT,XRPUSDT,DOGEUSDT,ASTERUSDT
2026-01,BTCUSDT,ETHUSDT,SOLUSDT,BNBUSDT,XRPUSDT,ZECUSDT,DOGEUSDT,SUIUSDT
2026-02,BTCUSDT,ETHUSDT,SOLUSDT,XRPUSDT,BNBUSDT,DOGEUSDT,ZECUSDT,SUIUSDT
2026-03,BTCUSDT,ETHUSDT,SOLUSDT,XRPUSDT,BNBUSDT,DOGEUSDT,ZECUSDT,SUIUSDT
2026-04,BTCUSDT,ETHUSDT,SOLUSDT,XRPUSDT,BNBUSDT,DOGEUSDT,TAOUSDT,ZECUSDT
2026-05,BTCUSDT,ETHUSDT,SOLUSDT,XRPUSDT,DOGEUSDT,BNBUSDT,ZECUSDT,TAOUSDT
2026-06,BTCUSDT,ETHUSDT,SOLUSDT,BNBUSDT,XRPUSDT,DOGEUSDT,ZECUSDT,SUIUSDT
