,0,1,2,3,4,5,6,7,8,9,10,11,12,13,14,15,16,17,18,19
2020-01,BTCUSDT,ETHUSDT,BNBUSDT,MATICUSDT,XRPUSDT,TRXUSDT,EOSUSDT,LTCUSDT,VETUSDT,LINKUSDT,BTTUSDT,ETCUSDT,ATOMUSDT,XTZUSDT,WINUSDT,ADAUSDT,FETUSDT,IOSTUSDT,ZECUSDT,XMRUSDT
2020-02,BTCUSDT,ETHUSDT,BCHUSDT,ETCUSDT,EOSUSDT,XRPUSDT,LTCUSDT,BNBUSDT,TRXUSDT,DASHUSDT,LINKUSDT,ADAUSDT,ZECUSDT,XLMUSDT,BTTUSDT,ATOMUSDT,MATICUSDT,VETUSDT,XMRUSDT,XTZUSDT
2020-03,BTCUSDT,ETHUSDT,BCHUSDT,XRPUSDT,BNBUSDT,EOSUSDT,LTCUSDT,ETCUSDT,LINKUSDT,TRXUSDT,ADAUSDT,XTZUSDT,XLMUSDT,DASHUSDT,ZECUSDT,ICXUSDT,NEOUSDT,VETUSDT,MATICUSDT,ONTUSDT
2020-04,BTCUSDT,ETHUSDT,BCHUSDT,LINKUSDT,BNBUSDT,XRPUSDT,EOSUSDT,LTCUSDT,XTZUSDT,ETCUSDT,BEARUSDT,TRXUSDT,ADAUSDT,DASHUSDT,BULLUSDT,MATICUSDT,ZECUSDT,WRXUSDT,VETUSDT,NEOUSDT
2020-05,BTCUSDT,ETHUSDT,BNBUSDT,LINKUSDT,BCHUSDT,XRPUSDT,EOSUSDT,LTCUSDT,XTZUSDT,ETCUSDT,DASHUSDT,ADAUSDT,TRXUSDT,XLMUSDT,ZECUSDT,VETUSDT,XMRUSDT,WRXUSDT,MATICUSDT,NEOUSDT
2020-06,BTCUSDT,ETHUSDT,BNBUSDT,BCHUSDT,XRPUSDT,LINKUSDT,EOSUSDT,LTCUSDT,ADAUSDT,ETCUSDT,XTZUSDT,TRXUSDT,XLMUSDT,MATICUSDT,VETUSDT,NEOUSDT,ONTUSDT,ZECUSDT,THETAUSDT,DASHUSDT
2020-07,BTCUSDT,ETHUSDT,BNBUSDT,ADAUSDT,BCHUSDT,VETUSDT,XRPUSDT,EOSUSDT,LINKUSDT,LTCUSDT,ZILUSDT,TRXUSDT,XTZUSDT,XLMUSDT,ONTUSDT,ETCUSDT,IOSTUSDT,ZECUSDT,MATICUSDT,NEOUSDT
2020-08,BTCUSDT,ETHUSDT,LINKUSDT,ADAUSDT,BNBUSDT,XRPUSDT,VETUSDT,BCHUSDT,XLMUSDT,EOSUSDT,XTZUSDT,LTCUSDT,TRXUSDT,ETCUSDT,ONTUSDT,ERDUSDT,ATOMUSDT,ZECUSDT,ALGOUSDT,DOGEUSDT
2020-09,BTCUSDT,ETHUSDT,LINKUSDT,XRPUSDT,BNBUSDT,EOSUSDT,BCHUSDT,LTCUSDT,XTZUSDT,ADAUSDT,BANDUSDT,TRXUSDT,VETUSDT,ZECUSDT,ATOMUSDT,OMGUSDT,ALGOUSDT,QTUMUSDT,ONTUSDT,XLMUSDT
2020-10,BTCUSDT,ETHUSDT,LINKUSDT,BNBUSDT,TRXUSDT,XRPUSDT,YFIUSDT,EOSUSDT,SXPUSDT,BCHUSDT,ADAUSDT,LTCUSDT,VETUSDT,NEOUSDT,BANDUSDT,ONTUSDT,CRVUSDT,ZECUSDT,SRMUSDT,IOSTUSDT
2020-11,BTCUSDT,ETHUSDT,BNBUSDT,LINKUSDT,BCHUSDT,YFIUSDT,XRPUSDT,LTCUSDT,UNIUSDT,ADAUSDT,DOTUSDT,TRXUSDT,EOSUSDT,YFIIUSDT,SXPUSDT,XMRUSDT,VETUSDT,ZECUSDT,NEOUSDT,ATOMUSDT
2020-12,BTCUSDT,ETHUSDT,XRPUSDT,LINKUSDT,YFIUSDT,LTCUSDT,BNBUSDT,BCHUSDT,ADAUSDT,EOSUSDT,XLMUSDT,UNIUSDT,TRXUSDT,DOTUSDT,SXPUSDT,ETCUSDT,YFIIUSDT,ZECUSDT,FILUSDT,VETUSDT
2021-01,BTCUSDT,ETHUSDT,XRPUSDT,LTCUSDT,BCHUSDT,BNBUSDT,LINKUSDT,ADAUSDT,XLMUSDT,DOTUSDT,EOSUSDT,YFIUSDT,TRXUSDT,SUSHIUSDT,ZILUSDT,VETUSDT,UNIUSDT,FILUSDT,AAVEUSDT,THETAUSDT
2021-02,BTCUSDT,ETHUSDT,XRPUSDT,LTCUSDT,DOTUSDT,LINKUSDT,ADAUSDT,BNBUSDT,BCHUSDT,XLMUSDT,DOGEUSDT,EOSUSDT,TRXUSDT,UNIUSDT,YFIUSDT,VETUSDT,SUSHIUSDT,GRTUSDT,AAVEUSDT,SXPUSDT
2021-03,BTCUSDT,ETHUSDT,BNBUSDT,XRPUSDT,ADAUSDT,DOGEUSDT,DOTUSDT,LTCUSDT,LINKUSDT,EOSUSDT,XLMUSDT,BCHUSDT,GRTUSDT,UNIUSDT,SXPUSDT,TRXUSDT,AAVEUSDT,VETUSDT,SUSHIUSDT,1INCHUSDT
2021-04,BTCUSDT,ETHUSDT,BNBUSDT,ADAUSDT,CHZUSDT,XRPUSDT,DOTUSDT,LTCUSDT,FILUSDT,ENJUSDT,THETAUSDT,BTTUSDT,VETUSDT,TRXUSDT,HOTUSDT,SXPUSDT,LINKUSDT,LUNAUSDT,UNIUSDT,DOGEUSDT
2021-05,BTCUSDT,BNBUSDT,DOGEUSDT,ETHUSDT,XRPUSDT,ADAUSDT,WINUSDT,BTTUSDT,TRXUSDT,CHZUSDT,VETUSDT,DOTUSDT,LTCUSDT,HOTUSDT,FILUSDT,EOSUSDT,LINKUSDT,BCHUSDT,DENTUSDT,SXPUSDT
2021-06,BTCUSDT,ETHUSDT,DOGEUSDT,BNBUSDT,XRPUSDT,ADAUSDT,MATICUSDT,ETCUSDT,DOTUSDT,EOSUSDT,LTCUSDT,LINKUSDT,VETUSDT,BCHUSDT,TRXUSDT,SOLUSDT,XLMUSDT,FILUSDT,BTTUSDT,SXPUSDT
2021-07,BTCUSDT,ETHUSDT,BNBUSDT,DOGEUSDT,ADAUSDT,MATICUSDT,XRPUSDT,DOTUSDT,SOLUSDT,SHIBUSDT,LINKUSDT,FILUSDT,VETUSDT,THETAUSDT,LTCUSDT,CHZUSDT,ETCUSDT,TFUELUSDT,EOSUSDT,ICPUSDT
2021-08,BTCUSDT,ETHUSDT,BNBUSDT,DOGEUSDT,ADAUSDT,AXSUSDT,XRPUSDT,MATICUSDT,DOTUSDT,LINKUSDT,THETAUSDT,ETCUSDT,SOLUSDT,EOSUSDT,ALICEUSDT,TLMUSDT,SHIBUSDT,LTCUSDT,ICPUSDT,AAVEUSDT
2021-09,BTCUSDT,ETHUSDT,ADAUSDT,DOGEUSDT,BNBUSDT,XRPUSDT,SOLUSDT,DOTUSDT,AXSUSDT,MATICUSDT,LUNAUSDT,ALICEUSDT,ICPUSDT,LINKUSDT,FILUSDT,ETCUSDT,AVAXUSDT,THETAUSDT,TLMUSDT,VETUSDT
2021-10,BTCUSDT,ETHUSDT,SOLUSDT,ADAUSDT,DOTUSDT,AVAXUSDT,BNBUSDT,XRPUSDT,FTMUSDT,FILUSDT,LUNAUSDT,ATOMUSDT,FTTUSDT,DOGEUSDT,LINKUSDT,MATICUSDT,ALGOUSDT,TRXUSDT,LTCUSDT,OMGUSDT
2021-11,BTCUSDT,ETHUSDT,SHIBUSDT,DOGEUSDT,SOLUSDT,BNBUSDT,DOTUSDT,XRPUSDT,ADAUSDT,FTMUSDT,AXSUSDT,FILUSDT,MATICUSDT,AVAXUSDT,LUNAUSDT,TRXUSDT,LINKUSDT,OMGUSDT,ATOMUSDT,ONEUSDT
2021-12,BTCUSDT,SHIBUSDT,ETHUSDT,BNBUSDT,MANAUSDT,SANDUSDT,SOLUSDT,DOTUSDT,XRPUSDT,AVAXUSDT,ADAUSDT,DOGEUSDT,TRXUSDT,LRCUSDT,GALAUSDT,LTCUSDT,OMGUSDT,FTMUSDT,FILUSDT,SLPUSDT
2022-01,BTCUSDT,ETHUSDT,BNBUSDT,MATICUSDT,SANDUSDT,LUNAUSDT,SHIBUSDT,SOLUSDT,XRPUSDT,GALAUSDT,AVAXUSDT,DOTUSDT,DOGEUSDT,MANAUSDT,ADAUSDT,FTMUSDT,NEARUSDT,TRXUSDT,FILUSDT,LINKUSDT
2022-02,BTCUSDT,ETHUSDT,FTMUSDT,BNBUSDT,LUNAUSDT,SOLUSDT,ADAUSDT,ATOMUSDT,DOTUSDT,LINKUSDT,MATICUSDT,SANDUSDT,SHIBUSDT,XRPUSDT,NEARUSDT,DOGEUSDT,GALAUSDT,AVAXUSDT,ROSEUSDT,ICPUSDT
2022-03,BTCUSDT,ETHUSDT,SHIBUSDT,XRPUSDT,LUNAUSDT,BNBUSDT,SOLUSDT,GALAUSDT,AVAXUSDT,SANDUSDT,FTMUSDT,SLPUSDT,ADAUSDT,DOTUSDT,MANAUSDT,MATICUSDT,TRXUSDT,ATOMUSDT,DOGEUSDT,NEARUSDT
2022-04,BTCUSDT,ETHUSDT,LUNAUSDT,SOLUSDT,XRPUSDT,BNBUSDT,AVAXUSDT,FTMUSDT,SHIBUSDT,GALAUSDT,ADAUSDT,WAVESUSDT,DOTUSDT,SANDUSDT,NEARUSDT,ETCUSDT,ATOMUSDT,TRXUSDT,RUNEUSDT,JASMYUSDT
2022-05,BTCUSDT,GMTUSDT,ETHUSDT,APEUSDT,LUNAUSDT,SOLUSDT,DOGEUSDT,NEARUSDT,BNBUSDT,ZILUSDT,SHIBUSDT,XRPUSDT,AVAXUSDT,FTMUSDT,ADAUSDT,TRXUSDT,WAVESUSDT,JASMYUSDT,DOTUSDT,GALAUSDT
2022-06,BTCUSDT,ETHUSDT,GMTUSDT,BNBUSDT,APEUSDT,SOLUSDT,TRXUSDT,XRPUSDT,ADAUSDT,AVAXUSDT,NEARUSDT,FTMUSDT,SHIBUSDT,DOTUSDT,GALAUSDT,DOGEUSDT,SANDUSDT,ZILUSDT,MATICUSDT,AXSUSDT
2022-07,BTCUSDT,ETHUSDT,SOLUSDT,BNBUSDT,ADAUSDT,TRXUSDT,XRPUSDT,GMTUSDT,AVAXUSDT,DOGEUSDT,SHIBUSDT,APEUSDT,GALAUSDT,LINKUSDT,MATICUSDT,NEARUSDT,WAVESUSDT,DOTUSDT,SANDUSDT,FTMUSDT
2022-08,BTCUSDT,ETHUSDT,SOLUSDT,BNBUSDT,MATICUSDT,ADAUSDT,XRPUSDT,GMTUSDT,AVAXUSDT,APEUSDT,ETCUSDT,SHIBUSDT,DOGEUSDT,SANDUSDT,DOTUSDT,RUNEUSDT,NEARUSDT,TRXUSDT,ATOMUSDT,FTMUSDT
2022-09,BTCUSDT,ETHUSDT,BNBUSDT,ETCUSDT,SOLUSDT,SHIBUSDT,ADAUSDT,DOGEUSDT,XRPUSDT,MATICUSDT,AVAXUSDT,CHZUSDT,NEARUSDT,OPUSDT,APEUSDT,GMTUSDT,FILUSDT,DOTUSDT,LINKUSDT,ATOMUSDT
2022-10,BTCUSDT,ETHUSDT,XRPUSDT,BNBUSDT,ETCUSDT,SOLUSDT,ADAUSDT,CHZUSDT,ATOMUSDT,SHIBUSDT,MATICUSDT,LINKUSDT,APEUSDT,DOGEUSDT,NEARUSDT,DOTUSDT,AVAXUSDT,LTCUSDT,TRXUSDT,RVNUSDT
2022-11,BTCUSDT,ETHUSDT,XRPUSDT,DOGEUSDT,BNBUSDT,SOLUSDT,SHIBUSDT,MATICUSDT,LUNCUSDT,ADAUSDT,CHZUSDT,TRXUSDT,ATOMUSDT,LINKUSDT,ETCUSDT,AVAXUSDT,NEARUSDT,DOTUSDT,APEUSDT,QNTUSDT
2022-12,BTCUSDT,ETHUSDT,DOGEUSDT,BNBUSDT,XRPUSDT,SOLUSDT,MATICUSDT,CHZUSDT,LTCUSDT,LINKUSDT,ADAUSDT,SHIBUSDT,MASKUSDT,TRXUSDT,ATOMUSDT,APEUSDT,ALGOUSDT,NEARUSDT,DOTUSDT,DYDXUSDT
2023-01,BTCUSDT,ETHUSDT,DOGEUSDT,BNBUSDT,XRPUSDT,LTCUSDT,MATICUSDT,SOLUSDT,LINKUSDT,ADAUSDT,TRXUSDT,SHIBUSDT,APEUSDT,TWTUSDT,APTUSDT,CHZUSDT,DOTUSDT,MASKUSDT,FILUSDT,ATOMUSDT
2023-02,BTCUSDT,ETHUSDT,SOLUSDT,XRPUSDT,APTUSDT,DOGEUSDT,BNBUSDT,MATICUSDT,GALAUSDT,LTCUSDT,SHIBUSDT,OPUSDT,AVAXUSDT,ADAUSDT,FTMUSDT,LDOUSDT,SANDUSDT,NEARUSDT,FILUSDT,APEUSDT
2023-03,BTCUSDT,ETHUSDT,MATICUSDT,BNBUSDT,APTUSDT,DOGEUSDT,XRPUSDT,SOLUSDT,FTMUSDT,OPUSDT,FILUSDT,SHIBUSDT,LDOUSDT,DYDXUSDT,LTCUSDT,HOOKUSDT,FETUSDT,AVAXUSDT,LINKUSDT,GALAUSDT
2023-04,BTCUSDT,ETHUSDT,XRPUSDT,BNBUSDT,MATICUSDT,CFXUSDT,SOLUSDT,LTCUSDT,APTUSDT,FTMUSDT,DOGEUSDT,FILUSDT,OPUSDT,ADAUSDT,MAGICUSDT,LDOUSDT,MASKUSDT,STXUSDT,SHIBUSDT,DYDXUSDT
2023-05,BTCUSDT,ETHUSDT,DOGEUSDT,BNBUSDT,XRPUSDT,SOLUSDT,MATICUSDT,CFXUSDT,LTCUSDT,ADAUSDT,APTUSDT,FTMUSDT,INJUSDT,GALAUSDT,SHIBUSDT,FILUSDT,LINKUSDT,SXPUSDT,RNDRUSDT,AVAXUSDT
2023-06,BTCUSDT,ETHUSDT,XRPUSDT,BNBUSDT,ARBUSDT,LTCUSDT,SOLUSDT,MATICUSDT,DOGEUSDT,CFXUSDT,RNDRUSDT,ADAUSDT,FTMUSDT,TRXUSDT,APTUSDT,GALAUSDT,IDUSDT,ARPAUSDT,OPUSDT,LINAUSDT
2023-07,BTCUSDT,ETHUSDT,BNBUSDT,XRPUSDT,LTCUSDT,ARBUSDT,SOLUSDT,MATICUSDT,SUIUSDT,DOGEUSDT,ADAUSDT,LINAUSDT,PEPEUSDT,OPUSDT,APTUSDT,TRXUSDT,CFXUSDT,BCHUSDT,RNDRUSDT,FTMUSDT
2023-08,BTCUSDT,ETHUSDT,XRPUSDT,SOLUSDT,BNBUSDT,LTCUSDT,DOGEUSDT,ARBUSDT,MATICUSDT,BCHUSDT,ADAUSDT,LINKUSDT,OPUSDT,COMPUSDT,TRXUSDT,FILUSDT,SHIBUSDT,XVGUSDT,SUIUSDT,AVAXUSDT
2023-09,BTCUSDT,ETHUSDT,XRPUSDT,BNBUSDT,SOLUSDT,DOGEUSDT,SHIBUSDT,LTCUSDT,MATICUSDT,OPUSDT,ARBUSDT,LINKUSDT,SUIUSDT,YGGUSDT,BCHUSDT,TRXUSDT,RUNEUSDT,ADAUSDT,CRVUSDT,APTUSDT
2023-10,BTCUSDT,ETHUSDT,XRPUSDT,BNBUSDT,CYBERUSDT,SOLUSDT,WLDUSDT,LTCUSDT,ARBUSDT,LINKUSDT,DOGEUSDT,HIFIUSDT,MATICUSDT,TRBUSDT,TRXUSDT,BLZUSDT,BCHUSDT,UNFIUSDT,SEIUSDT,SUIUSDT
2023-11,BTCUSDT,ETHUSDT,XRPUSDT,SOLUSDT,BNBUSDT,LINKUSDT,DOGEUSDT,LOOMUSDT,MATICUSDT,ARBUSDT,TRBUSDT,LTCUSDT,TRXUSDT,RUNEUSDT,AVAXUSDT,APTUSDT,GALAUSDT,BCHUSDT,ADAUSDT,SHIBUSDT
2023-12,BTCUSDT,ETHUSDT,SOLUSDT,XRPUSDT,BNBUSDT,LINKUSDT,DOGEUSDT,AVAXUSDT,MATICUSDT,GASUSDT,RUNEUSDT,ARBUSDT,FTTUSDT,DYDXUSDT,ADAUSDT,GALAUSDT,CAKEUSDT,WLDUSDT,ARKUSDT,NEARUSDT
2024-01,BTCUSDT,ETHUSDT,SOLUSDT,ORDIUSDT,AVAXUSDT,BNBUSDT,XRPUSDT,DOGEUSDT,ADAUSDT,MATICUSDT,TIAUSDT,ARBUSDT,LUNCUSDT,INJUSDT,OPUSDT,LINKUSDT,DOTUSDT,NEARUSDT,SEIUSDT,MEMEUSDT
2024-02,BTCUSDT,ETHUSDT,SOLUSDT,ARBUSDT,BNBUSDT,ORDIUSDT,XRPUSDT,SEIUSDT,SUIUSDT,TIAUSDT,OPUSDT,AVAXUSDT,MATICUSDT,LINKUSDT,INJUSDT,DOGEUSDT,ICPUSDT,1000SATSUSDT,ADAUSDT,TRBUSDT
2024-03,BTCUSDT,ETHUSDT,SOLUSDT,BNBUSDT,XRPUSDT,DOGEUSDT,LINKUSDT,SUIUSDT,ORDIUSDT,ARBUSDT,WLDUSDT,FILUSDT,SEIUSDT,MATICUSDT,ADAUSDT,AVAXUSDT,RNDRUSDT,AIUSDT,XAIUSDT,INJUSDT
2024-04,BTCUSDT,ETHUSDT,SOLUSDT,SHIBUSDT,BNBUSDT,DOGEUSDT,PEPEUSDT,FLOKIUSDT,XRPUSDT,AVAXUSDT,WLDUSDT,ARBUSDT,NEARUSDT,FETUSDT,ORDIUSDT,BONKUSDT,RNDRUSDT,FTMUSDT,FILUSDT,SUIUSDT
2024-05,BTCUSDT,ETHUSDT,SOLUSDT,DOGEUSDT,BNBUSDT,PEPEUSDT,SHIBUSDT,WIFUSDT,BOMEUSDT,XRPUSDT,ORDIUSDT,NEARUSDT,WLDUSDT,BCHUSDT,FETUSDT,FLOKIUSDT,LTCUSDT,ARBUSDT,RUNEUSDT,AVAXUSDT
2024-06,BTCUSDT,ETHUSDT,SOLUSDT,PEPEUSDT,DOGEUSDT,WIFUSDT,SHIBUSDT,BNBUSDT,BONKUSDT,BOMEUSDT,FLOKIUSDT,XRPUSDT,RNDRUSDT,ENAUSDT,ARBUSDT,NEARUSDT,WLDUSDT,TRBUSDT,RUNEUSDT,PEOPLEUSDT
2024-07,BTCUSDT,ETHUSDT,NOTUSDT,SOLUSDT,PEPEUSDT,BNBUSDT,WIFUSDT,PEOPLEUSDT,FLOKIUSDT,DOGEUSDT,SHIBUSDT,XRPUSDT,BONKUSDT,ORDIUSDT,BOMEUSDT,WLDUSDT,JASMYUSDT,FETUSDT,BBUSDT,NEARUSDT
2024-08,BTCUSDT,ETHUSDT,SOLUSDT,PEPEUSDT,XRPUSDT,WIFUSDT,BNBUSDT,DOGEUSDT,BONKUSDT,NOTUSDT,SHIBUSDT,FLOKIUSDT,1000SATSUSDT,BOMEUSDT,WLDUSDT,PEOPLEUSDT,NEARUSDT,AVAXUSDT,ARBUSDT,ORDIUSDT
2024-09,BTCUSDT,ETHUSDT,SOLUSDT,XRPUSDT,PEPEUSDT,BNBUSDT,WIFUSDT,1000SATSUSDT,DOGEUSDT,FLOKIUSDT,NOTUSDT,BOMEUSDT,TRXUSDT,SHIBUSDT,SUIUSDT,FETUSDT,BONKUSDT,NEARUSDT,RUNEUSDT,AVAXUSDT
2024-10,BTCUSDT,ETHUSDT,SOLUSDT,BNBUSDT,PEPEUSDT,SUIUSDT,WIFUSDT,XRPUSDT,DOGEUSDT,1000SATSUSDT,FETUSDT,SHIBUSDT,NEARUSDT,FLOKIUSDT,AVAXUSDT,FTMUSDT,TONUSDT,AAVEUSDT,BOMEUSDT,ORDIUSDT
2024-11,BTCUSDT,ETHUSDT,SOLUSDT,PEPEUSDT,NEIROUSDT,DOGEUSDT,SUIUSDT,BNBUSDT,WIFUSDT,XRPUSDT,SHIBUSDT,WLDUSDT,BOMEUSDT,APTUSDT,FETUSDT,BONKUSDT,FLOKIUSDT,TAOUSDT,SEIUSDT,ENAUSDT
2024-12,BTCUSDT,ETHUSDT,DOGEUSDT,SOLUSDT,XRPUSDT,PEPEUSDT,BNBUSDT,SHIBUSDT,SUIUSDT,ADAUSDT,NEIROUSDT,WIFUSDT,BONKUSDT,FLOKIUSDT,AVAXUSDT,WLDUSDT,NEARUSDT,BOMEUSDT,FETUSDT,TRXUSDT
2025-01,BTCUSDT,ETHUSDT,XRPUSDT,DOGEUSDT,SOLUSDT,PEPEUSDT,BNBUSDT,SUIUSDT,TRXUSDT,SHIBUSDT,HBARUSDT,ADAUSDT,LINKUSDT,PNUTUSDT,AVAXUSDT,WIFUSDT,ENAUSDT,WLDUSDT,NEIROUSDT,LTCUSDT
2025-02,BTCUSDT,ETHUSDT,SOLUSDT,XRPUSDT,DOGEUSDT,SUIUSDT,PEPEUSDT,BNBUSDT,ADAUSDT,HBARUSDT,ENAUSDT,LINKUSDT,TRXUSDT,LTCUSDT,WIFUSDT,SHIBUSDT,WLDUSDT,XLMUSDT,PENGUUSDT,PNUTUSDT
2025-03,BTCUSDT,ETHUSDT,XRPUSDT,SOLUSDT,DOGEUSDT,BNBUSDT,SUIUSDT,LTCUSDT,PEPEUSDT,ADAUSDT,HBARUSDT,RUNEUSDT,OMUSDT,ENAUSDT,LINKUSDT,TRXUSDT,WIFUSDT,TAOUSDT,AVAXUSDT,SHIBUSDT
2025-04,BTCUSDT,ETHUSDT,XRPUSDT,SOLUSDT,BNBUSDT,ADAUSDT,DOGEUSDT,TRUMPUSDT,SUIUSDT,PEPEUSDT,LTCUSDT,TRXUSDT,HBARUSDT,LINKUSDT,ENAUSDT,PNUTUSDT,AVAXUSDT,SUSDT,AAVEUSDT,WIFUSDT
2025-05,BTCUSDT,ETHUSDT,SOLUSDT,XRPUSDT,DOGEUSDT,SUIUSDT,BNBUSDT,PEPEUSDT,TRUMPUSDT,ADAUSDT,OMUSDT,TRXUSDT,LTCUSDT,EOSUSDT,AVAXUSDT,LINKUSDT,ENAUSDT,HBARUSDT,CRVUSDT,SHIBUSDT
2025-06,BTCUSDT,ETHUSDT,SOLUSDT,XRPUSDT,PEPEUSDT,DOGEUSDT,SUIUSDT,BNBUSDT,TRUMPUSDT,ADAUSDT,WIFUSDT,ENAUSDT,VIRTUALUSDT,PNUTUSDT,LTCUSDT,BONKUSDT,TRXUSDT,NEIROUSDT,AVAXUSDT,SHIBUSDT
2025-07,BTCUSDT,ETHUSDT,SOLUSDT,XRPUSDT,DOGEUSDT,PEPEUSDT,BNBUSDT,SUIUSDT,ADAUSDT,UNIUSDT,AAVEUSDT,ENAUSDT,WIFUSDT,TRXUSDT,VIRTUALUSDT,TRUMPUSDT,NEIROUSDT,AVAXUSDT,SEIUSDT,LTCUSDT
2025-08,ETHUSDT,BTCUSDT,XRPUSDT,SOLUSDT,DOGEUSDT,BNBUSDT,PEPEUSDT,SUIUSDT,BONKUSDT,PENGUUSDT,ENAUSDT,ADAUSDT,UNIUSDT,LTCUSDT,HBARUSDT,TRXUSDT,XLMUSDT,WIFUSDT,FLOKIUSDT,AVAXUSDT
2025-09,ETHUSDT,BTCUSDT,SOLUSDT,XRPUSDT,DOGEUSDT,BNBUSDT,ADAUSDT,ENAUSDT,SUIUSDT,LINKUSDT,PEPEUSDT,PENGUUSDT,LTCUSDT,UNIUSDT,BONKUSDT,TRXUSDT,AVAXUSDT,HBARUSDT,ARBUSDT,AAVEUSDT
2025-10,ETHUSDT,BTCUSDT,SOLUSDT,DOGEUSDT,XRPUSDT,BNBUSDT,SUIUSDT,AVAXUSDT,ENAUSDT,WLDUSDT,ADAUSDT,PEPEUSDT,PENGUUSDT,LTCUSDT,LINKUSDT,BONKUSDT,TRXUSDT,NEARUSDT,ARBUSDT,HBARUSDT
2025-11,BTCUSDT,ETHUSDT,SOLUSDT,BNBUSDT,XRPUSDT,DOGEUSDT,SUIUSDT,ZECUSDT,ADAUSDT,LTCUSDT,LINKUSDT,AVAXUSDT,ENAUSDT,PUMPUSDT,TAOUSDT,PEPEUSDT,TRUMPUSDT,CAKEUSDT,PENGUUSDT,HBARUSDT
2025-12,BTCUSDT,ETHUSDT,SOLUSDT,ZECUSDT,BNBUSDT,XRPUSDT,DOGEUSDT,ASTERUSDT,SUIUSDT,ICPUSDT,LTCUSDT,DASHUSDT,UNIUSDT,ADAUSDT,ZENUSDT,FILUSDT,TRUMPUSDT,NEARUSDT,TAOUSDT,TRXUSDT
2026-01,BTCUSDT,ETHUSDT,SOLUSDT,BNBUSDT,XRPUSDT,ZECUSDT,DOGEUSDT,SUIUSDT,ADAUSDT,ASTERUSDT,TRXUSDT,BCHUSDT,LTCUSDT,AVAXUSDT,LINKUSDT,UNIUSDT,PEPEUSDT,ENAUSDT,NEARUSDT,XPLUSDT
2026-02,BTCUSDT,ETHUSDT,SOLUSDT,XRPUSDT,BNBUSDT,DOGEUSDT,ZECUSDT,SUIUSDT,PEPEUSDT,LTCUSDT,ADAUSDT,DASHUSDT,BCHUSDT,TRXUSDT,PUMPUSDT,AVAXUSDT,BONKUSDT,ASTERUSDT,TAOUSDT,NEARUSDT
2026-03,BTCUSDT,ETHUSDT,SOLUSDT,XRPUSDT,BNBUSDT,DOGEUSDT,ZECUSDT,SUIUSDT,ADAUSDT,LTCUSDT,PEPEUSDT,TRXUSDT,ASTERUSDT,BCHUSDT,WLFIUSDT,AVAXUSDT,LINKUSDT,UNIUSDT,TAOUSDT,AAVEUSDT
2026-04,BTCUSDT,ETHUSDT,SOLUSDT,XRPUSDT,BNBUSDT,DOGEUSDT,TAOUSDT,ZECUSDT,SUIUSDT,ADAUSDT,TRXUSDT,PEPEUSDT,NEARUSDT,LTCUSDT,TRUMPUSDT,LINKUSDT,KITEUSDT,AVAXUSDT,FETUSDT,WLDUSDT
2026-05,BTCUSDT,ETHUSDT,SOLUSDT,XRPUSDT,DOGEUSDT,BNBUSDT,ZECUSDT,TAOUSDT,币安人生USDT,SUIUSDT,PEPEUSDT,ADAUSDT,TONUSDT,STOUSDT,TRXUSDT,AAVEUSDT,BARDUSDT,PENGUUSDT,LTCUSDT,AVAXUSDT
2026-06,BTCUSDT,ETHUSDT,SOLUSDT,BNBUSDT,XRPUSDT,DOGEUSDT,ZECUSDT,SUIUSDT,NEARUSDT,TONUSDT,TAOUSDT,XLMUSDT,ONDOUSDT,TRXUSDT,WLDUSDT,LINKUSDT,LTCUSDT,ADAUSDT,AVAXUSDT,PENGUUSDT
